# ************************************************************
# Sequel Pro SQL dump
# Version 4529
#
# http://www.sequelpro.com/
# https://github.com/sequelpro/sequelpro
#
# Host: 127.0.0.1 (MySQL 5.6.33-0ubuntu0.14.04.1-log)
# Database: mtu_db
# Generation Time: 2017-04-06 08:05:56 +0000
# ************************************************************


/*!40101 SET @OLD_CHARACTER_SET_CLIENT=@@CHARACTER_SET_CLIENT */;
/*!40101 SET @OLD_CHARACTER_SET_RESULTS=@@CHARACTER_SET_RESULTS */;
/*!40101 SET @OLD_COLLATION_CONNECTION=@@COLLATION_CONNECTION */;
/*!40101 SET NAMES utf8 */;
/*!40014 SET @OLD_FOREIGN_KEY_CHECKS=@@FOREIGN_KEY_CHECKS, FOREIGN_KEY_CHECKS=0 */;
/*!40101 SET @OLD_SQL_MODE=@@SQL_MODE, SQL_MODE='NO_AUTO_VALUE_ON_ZERO' */;
/*!40111 SET @OLD_SQL_NOTES=@@SQL_NOTES, SQL_NOTES=0 */;


# Dump of table adp_article
# ------------------------------------------------------------

DROP TABLE IF EXISTS `adp_article`;

CREATE TABLE `adp_article` (
  `id` int(11) NOT NULL AUTO_INCREMENT,
  `pageid` varchar(50) NOT NULL,
  `pagename` varchar(50) NOT NULL,
  `pagetitle` varchar(50) NOT NULL,
  `content` longtext NOT NULL,
  `submiter` varchar(50) NOT NULL,
  `edittime` timestamp NOT NULL DEFAULT CURRENT_TIMESTAMP,
  `createTime` timestamp NOT NULL DEFAULT CURRENT_TIMESTAMP,
  PRIMARY KEY (`id`),
  UNIQUE KEY `pageid` (`pageid`)
) ENGINE=InnoDB DEFAULT CHARSET=utf8;



# Dump of table analyse_shortvideo
# ------------------------------------------------------------

DROP TABLE IF EXISTS `analyse_shortvideo`;

CREATE TABLE `analyse_shortvideo` (
  `analyseid` int(11) NOT NULL,
  `MediaId` varchar(255) NOT NULL,
  `ThumbMediaId` varchar(255) NOT NULL,
  KEY `shortvideo_analyseid` (`analyseid`),
  CONSTRAINT `shortvideo_analyseid` FOREIGN KEY (`analyseid`) REFERENCES `request_analyse` (`analyseid`) ON DELETE CASCADE
) ENGINE=InnoDB DEFAULT CHARSET=utf8;



# Dump of table file_path
# ------------------------------------------------------------

DROP TABLE IF EXISTS `file_path`;

CREATE TABLE `file_path` (
  `id` int(11) NOT NULL AUTO_INCREMENT,
  `url` varchar(500) NOT NULL,
  `path` varchar(200) NOT NULL,
  PRIMARY KEY (`id`)
) ENGINE=InnoDB DEFAULT CHARSET=utf8;



# Dump of table request_analyse
# ------------------------------------------------------------

DROP TABLE IF EXISTS `request_analyse`;

CREATE TABLE `request_analyse` (
  `id` int(11) NOT NULL AUTO_INCREMENT,
  `ToUserName` varchar(50) NOT NULL,
  `FromUserName` varchar(50) NOT NULL,
  `MsgType` varchar(50) NOT NULL,
  `analyseid` int(11) NOT NULL,
  `CreateTime` varchar(60) DEFAULT NULL,
  PRIMARY KEY (`id`),
  KEY `request_analyse` (`analyseid`)
) ENGINE=InnoDB DEFAULT CHARSET=utf8;

LOCK TABLES `request_analyse` WRITE;
/*!40000 ALTER TABLE `request_analyse` DISABLE KEYS */;

INSERT INTO `request_analyse` (`id`, `ToUserName`, `FromUserName`, `MsgType`, `analyseid`, `CreateTime`)
VALUES
	(1,'gh_49b6b08d624c','oFnmEwXwuGha8zvqN63cJJqIACsE','text',1,'2017-01-05 18:11:51'),
	(2,'gh_49b6b08d624c','oFnmEwXwuGha8zvqN63cJJqIACsE','text',2,'2017-01-05 18:12:47'),
	(3,'gh_49b6b08d624c','oFnmEwXwuGha8zvqN63cJJqIACsE','text',3,'2017-01-05 18:12:54'),
	(4,'gh_49b6b08d624c','oFnmEwXwuGha8zvqN63cJJqIACsE','text',4,'2017-01-05 18:12:59'),
	(5,'gh_49b6b08d624c','oFnmEwXwuGha8zvqN63cJJqIACsE','text',5,'2017-01-05 18:13:09'),
	(6,'gh_49b6b08d624c','oFnmEwXwuGha8zvqN63cJJqIACsE','text',6,'2017-01-05 18:14:46'),
	(7,'gh_49b6b08d624c','oFnmEwXwuGha8zvqN63cJJqIACsE','text',7,'2017-01-05 18:16:36'),
	(8,'gh_2fa0c25f7db4','o-jLIwdvqdILL9MJLfKcsGNoueGo','text',8,'2017-02-08 23:31:10'),
	(9,'gh_2fa0c25f7db4','o-jLIwdvqdILL9MJLfKcsGNoueGo','text',9,'2017-02-08 23:31:27'),
	(10,'gh_2fa0c25f7db4','o-jLIwdvqdILL9MJLfKcsGNoueGo','event',10,'2017-02-09 14:52:15'),
	(11,'gh_2fa0c25f7db4','o-jLIwSEOMqxLtY6S5cUgwYIZSk8','event',11,'2017-02-13 11:30:40'),
	(12,'gh_2fa0c25f7db4','o-jLIwdvqdILL9MJLfKcsGNoueGo','event',12,'2017-02-13 11:37:25'),
	(13,'gh_2fa0c25f7db4','o-jLIwZAo2KAE72dsgFtFCzNRr5E','event',13,'2017-02-13 11:42:10'),
	(14,'gh_2fa0c25f7db4','o-jLIwZAo2KAE72dsgFtFCzNRr5E','event',14,'2017-02-13 11:42:33'),
	(15,'gh_2fa0c25f7db4','o-jLIwdvqdILL9MJLfKcsGNoueGo','event',15,'2017-02-13 11:43:42'),
	(16,'gh_2fa0c25f7db4','o-jLIwdvqdILL9MJLfKcsGNoueGo','event',16,'2017-02-13 11:43:49'),
	(17,'gh_2fa0c25f7db4','o-jLIwdvqdILL9MJLfKcsGNoueGo','text',17,'2017-02-14 16:39:58'),
	(18,'gh_2fa0c25f7db4','o-jLIwdvqdILL9MJLfKcsGNoueGo','text',18,'2017-02-14 16:40:12'),
	(19,'gh_2fa0c25f7db4','o-jLIwdvqdILL9MJLfKcsGNoueGo','event',19,'2017-02-14 18:06:09'),
	(20,'gh_2fa0c25f7db4','o-jLIwdvqdILL9MJLfKcsGNoueGo','event',20,'2017-02-14 18:06:12'),
	(21,'gh_2fa0c25f7db4','o-jLIwdvqdILL9MJLfKcsGNoueGo','event',21,'2017-02-14 18:06:51'),
	(22,'gh_2fa0c25f7db4','o-jLIwdvqdILL9MJLfKcsGNoueGo','event',22,'2017-02-14 18:06:54'),
	(23,'gh_2fa0c25f7db4','o-jLIwdvqdILL9MJLfKcsGNoueGo','event',23,'2017-02-15 11:30:26'),
	(24,'gh_2fa0c25f7db4','o-jLIwdvqdILL9MJLfKcsGNoueGo','text',24,'2017-02-15 18:03:27'),
	(25,'gh_2fa0c25f7db4','o-jLIwdvqdILL9MJLfKcsGNoueGo','text',25,'2017-02-15 18:05:17'),
	(26,'gh_2fa0c25f7db4','o-jLIwdvqdILL9MJLfKcsGNoueGo','text',26,'2017-02-15 18:05:22'),
	(27,'gh_2fa0c25f7db4','o-jLIwdvqdILL9MJLfKcsGNoueGo','text',27,'2017-02-15 18:07:48'),
	(28,'gh_2fa0c25f7db4','o-jLIwdvqdILL9MJLfKcsGNoueGo','text',28,'2017-02-15 18:09:40'),
	(29,'gh_2fa0c25f7db4','o-jLIwdvqdILL9MJLfKcsGNoueGo','location',29,'2017-02-15 18:10:02'),
	(30,'gh_2fa0c25f7db4','o-jLIwZAo2KAE72dsgFtFCzNRr5E','event',30,'2017-02-15 18:18:59'),
	(31,'gh_2fa0c25f7db4','o-jLIwdvqdILL9MJLfKcsGNoueGo','text',31,'2017-02-15 18:29:08'),
	(32,'gh_2fa0c25f7db4','o-jLIwdvqdILL9MJLfKcsGNoueGo','text',32,'2017-02-15 18:29:31'),
	(33,'gh_2fa0c25f7db4','o-jLIwdvqdILL9MJLfKcsGNoueGo','text',33,'2017-02-15 18:29:44'),
	(34,'toUser','fromUser','text',34,'2017-02-15 18:30:19'),
	(35,'gh_2fa0c25f7db4','o-jLIwdvqdILL9MJLfKcsGNoueGo','text',35,'2017-02-15 18:37:51'),
	(36,'gh_2fa0c25f7db4','o-jLIwdvqdILL9MJLfKcsGNoueGo','event',36,'2017-02-15 18:38:21'),
	(37,'gh_2fa0c25f7db4','o-jLIwdvqdILL9MJLfKcsGNoueGo','event',37,'2017-02-15 18:38:31'),
	(38,'gh_2fa0c25f7db4','o-jLIwdvqdILL9MJLfKcsGNoueGo','event',38,'2017-02-15 18:54:40'),
	(39,'gh_2fa0c25f7db4','o-jLIwdvqdILL9MJLfKcsGNoueGo','text',39,'2017-02-15 18:54:48'),
	(40,'gh_2fa0c25f7db4','o-jLIwdvqdILL9MJLfKcsGNoueGo','event',40,'2017-02-15 18:55:02'),
	(41,'gh_2fa0c25f7db4','o-jLIwZAo2KAE72dsgFtFCzNRr5E','event',41,'2017-02-15 18:56:45'),
	(42,'gh_2fa0c25f7db4','o-jLIwdvqdILL9MJLfKcsGNoueGo','location',42,'2017-02-15 18:57:23'),
	(43,'gh_2fa0c25f7db4','o-jLIwdvqdILL9MJLfKcsGNoueGo','location',43,'2017-02-15 19:03:17'),
	(44,'gh_2fa0c25f7db4','o-jLIwdvqdILL9MJLfKcsGNoueGo','location',44,'2017-02-15 19:11:20'),
	(45,'gh_2fa0c25f7db4','o-jLIwdvqdILL9MJLfKcsGNoueGo','text',45,'2017-02-15 21:12:43'),
	(46,'gh_2fa0c25f7db4','o-jLIwUiVSHu-gB0A7fuWgwYyLdE','event',46,'2017-02-15 21:43:59'),
	(47,'gh_2fa0c25f7db4','o-jLIwdvqdILL9MJLfKcsGNoueGo','event',47,'2017-02-15 21:52:52'),
	(48,'gh_2fa0c25f7db4','o-jLIwdvqdILL9MJLfKcsGNoueGo','event',48,'2017-02-15 21:52:59'),
	(49,'gh_2fa0c25f7db4','o-jLIwdvqdILL9MJLfKcsGNoueGo','event',49,'2017-02-15 21:53:16'),
	(50,'gh_2fa0c25f7db4','o-jLIwdvqdILL9MJLfKcsGNoueGo','event',50,'2017-02-15 21:54:44'),
	(51,'gh_2fa0c25f7db4','o-jLIwdvqdILL9MJLfKcsGNoueGo','event',51,'2017-02-15 22:05:46'),
	(52,'gh_2fa0c25f7db4','o-jLIwdvqdILL9MJLfKcsGNoueGo','event',52,'2017-02-15 22:05:49'),
	(53,'gh_2fa0c25f7db4','o-jLIwdvqdILL9MJLfKcsGNoueGo','event',53,'2017-02-15 22:06:00'),
	(54,'gh_2fa0c25f7db4','o-jLIwdvqdILL9MJLfKcsGNoueGo','location',54,'2017-02-15 22:06:00'),
	(55,'gh_2fa0c25f7db4','o-jLIwdvqdILL9MJLfKcsGNoueGo','event',55,'2017-02-15 22:06:11'),
	(56,'gh_2fa0c25f7db4','o-jLIwdvqdILL9MJLfKcsGNoueGo','text',56,'2017-02-15 22:14:06'),
	(57,'gh_2fa0c25f7db4','o-jLIwdvqdILL9MJLfKcsGNoueGo','text',57,'2017-02-15 22:15:04'),
	(58,'gh_2fa0c25f7db4','o-jLIwdvqdILL9MJLfKcsGNoueGo','text',58,'2017-02-15 22:17:13'),
	(59,'gh_2fa0c25f7db4','o-jLIwdvqdILL9MJLfKcsGNoueGo','text',59,'2017-02-15 22:17:48'),
	(60,'gh_2fa0c25f7db4','o-jLIwQEj_bvPHz114cuwATSbBbY','event',60,'2017-02-15 22:17:51'),
	(61,'gh_2fa0c25f7db4','o-jLIwdvqdILL9MJLfKcsGNoueGo','event',61,'2017-02-15 23:44:07'),
	(62,'gh_2fa0c25f7db4','o-jLIwdvqdILL9MJLfKcsGNoueGo','event',62,'2017-02-16 10:55:36'),
	(63,'gh_2fa0c25f7db4','o-jLIwdvqdILL9MJLfKcsGNoueGo','event',63,'2017-02-16 10:55:51');

/*!40000 ALTER TABLE `request_analyse` ENABLE KEYS */;
UNLOCK TABLES;


# Dump of table request_event
# ------------------------------------------------------------

DROP TABLE IF EXISTS `request_event`;

CREATE TABLE `request_event` (
  `analyseid` int(11) NOT NULL,
  `Event` varchar(255) NOT NULL,
  `EventKey` varchar(255) NOT NULL,
  `Ticket` varchar(255) NOT NULL,
  KEY `event_analyseid` (`analyseid`),
  CONSTRAINT `event_analyseid` FOREIGN KEY (`analyseid`) REFERENCES `request_analyse` (`analyseid`) ON DELETE CASCADE
) ENGINE=InnoDB DEFAULT CHARSET=utf8;

LOCK TABLES `request_event` WRITE;
/*!40000 ALTER TABLE `request_event` DISABLE KEYS */;

INSERT INTO `request_event` (`analyseid`, `Event`, `EventKey`, `Ticket`)
VALUES
	(10,'SCAN','1','gQHd8DwAAAAAAAAAAS5odHRwOi8vd2VpeGluLnFxLmNvbS9xLzAyTDlXWGRvV09mODExMDAwMHcwMzgAAgTJWlJYAwQAAAAA'),
	(11,'card_pass_check','',''),
	(12,'user_get_card','',''),
	(13,'user_get_card','',''),
	(14,'user_del_card','',''),
	(15,'user_enter_session_from_card','',''),
	(16,'user_enter_session_from_card','',''),
	(19,'user_get_card','',''),
	(20,'user_get_card','',''),
	(21,'user_del_card','',''),
	(22,'user_del_card','',''),
	(23,'user_del_card','',''),
	(30,'subscribe','',''),
	(36,'unsubscribe','',''),
	(37,'subscribe','',''),
	(38,'SCAN','1','gQHd8DwAAAAAAAAAAS5odHRwOi8vd2VpeGluLnFxLmNvbS9xLzAyTDlXWGRvV09mODExMDAwMHcwMzgAAgTJWlJYAwQAAAAA'),
	(40,'SCAN','1','gQHd8DwAAAAAAAAAAS5odHRwOi8vd2VpeGluLnFxLmNvbS9xLzAyTDlXWGRvV09mODExMDAwMHcwMzgAAgTJWlJYAwQAAAAA'),
	(41,'unsubscribe','',''),
	(46,'subscribe','',''),
	(47,'CLICK','e1487153878714',''),
	(48,'CLICK','e1487153878714',''),
	(49,'CLICK','e1487153848305',''),
	(50,'CLICK','e1487153878714',''),
	(51,'CLICK','e1487153878714',''),
	(52,'VIEW','http://map.baidu.com/',''),
	(53,'location_select','e1487153483299',''),
	(55,'CLICK','e1487153848305',''),
	(60,'MASSSENDJOBFINISH','',''),
	(61,'CLICK','e1487153848305',''),
	(62,'unsubscribe','',''),
	(63,'subscribe','','');

/*!40000 ALTER TABLE `request_event` ENABLE KEYS */;
UNLOCK TABLES;


# Dump of table request_image
# ------------------------------------------------------------

DROP TABLE IF EXISTS `request_image`;

CREATE TABLE `request_image` (
  `analyseid` int(11) NOT NULL,
  `PicUrl` varchar(255) NOT NULL,
  `MediaId` varchar(255) NOT NULL,
  KEY `image_analyseid` (`analyseid`),
  CONSTRAINT `image_analyseid` FOREIGN KEY (`analyseid`) REFERENCES `request_analyse` (`analyseid`) ON DELETE CASCADE
) ENGINE=InnoDB DEFAULT CHARSET=utf8;



# Dump of table request_link
# ------------------------------------------------------------

DROP TABLE IF EXISTS `request_link`;

CREATE TABLE `request_link` (
  `analyseid` int(11) NOT NULL,
  `Title` varchar(255) NOT NULL,
  `Description` varchar(255) NOT NULL,
  `Url` varchar(255) NOT NULL,
  KEY `link_analyseid` (`analyseid`),
  CONSTRAINT `link_analyseid` FOREIGN KEY (`analyseid`) REFERENCES `request_analyse` (`analyseid`) ON DELETE CASCADE
) ENGINE=InnoDB DEFAULT CHARSET=utf8;



# Dump of table request_location
# ------------------------------------------------------------

DROP TABLE IF EXISTS `request_location`;

CREATE TABLE `request_location` (
  `analyseid` int(11) NOT NULL,
  `Location_X` varchar(255) NOT NULL,
  `Location_Y` varchar(255) NOT NULL,
  `Scale` varchar(255) NOT NULL,
  `Label` varchar(255) NOT NULL,
  KEY `location_analyseid` (`analyseid`),
  CONSTRAINT `location_analyseid` FOREIGN KEY (`analyseid`) REFERENCES `request_analyse` (`analyseid`) ON DELETE CASCADE
) ENGINE=InnoDB DEFAULT CHARSET=utf8;

LOCK TABLES `request_location` WRITE;
/*!40000 ALTER TABLE `request_location` DISABLE KEYS */;

INSERT INTO `request_location` (`analyseid`, `Location_X`, `Location_Y`, `Scale`, `Label`)
VALUES
	(29,'31.220885','121.478365','15','上海市黄浦区新天地济南路企业天地'),
	(42,'31.220940','121.478514','15','上海市黄浦区新天地济南路企业天地二期'),
	(43,'31.220922','121.478408','15','上海市黄浦区新天地济南路企业天地二期'),
	(44,'31.221961','121.476192','15','上海市黄浦区太仓路梦邨(上海新天地安达仕酒店旁)'),
	(54,'31.092543','121.421426','15','上海市闵行区梅陇镇曙建路中春三水苑');

/*!40000 ALTER TABLE `request_location` ENABLE KEYS */;
UNLOCK TABLES;


# Dump of table request_text
# ------------------------------------------------------------

DROP TABLE IF EXISTS `request_text`;

CREATE TABLE `request_text` (
  `analyseid` int(11) NOT NULL,
  `Content` blob NOT NULL,
  KEY `text_analyseid` (`analyseid`),
  CONSTRAINT `text_analyseid` FOREIGN KEY (`analyseid`) REFERENCES `request_analyse` (`analyseid`) ON DELETE CASCADE
) ENGINE=InnoDB DEFAULT CHARSET=utf8;

LOCK TABLES `request_text` WRITE;
/*!40000 ALTER TABLE `request_text` DISABLE KEYS */;

INSERT INTO `request_text` (`analyseid`, `Content`)
VALUES
	(1,X'F09F9983F09F9983F09F9983F09F9983'),
	(2,X'61'),
	(3,X'686868'),
	(4,X'61'),
	(5,X'61'),
	(6,X'61'),
	(7,X'61'),
	(8,X'31'),
	(9,X'31'),
	(17,X'616161'),
	(18,X'616161'),
	(24,X'61'),
	(25,X'61'),
	(26,X'61'),
	(27,X'61'),
	(28,X'61'),
	(31,X'61'),
	(32,X'353535'),
	(33,X'3535353532'),
	(34,X'7468697320697320612074657374'),
	(35,X'35353535'),
	(39,X'34'),
	(45,X'61'),
	(56,X'3538613436323035393838333535386134363230353938383762'),
	(57,X'3935323331'),
	(58,X'3538613436326139373634386335386134363261393736346431'),
	(59,X'363531383238');

/*!40000 ALTER TABLE `request_text` ENABLE KEYS */;
UNLOCK TABLES;


# Dump of table request_video
# ------------------------------------------------------------

DROP TABLE IF EXISTS `request_video`;

CREATE TABLE `request_video` (
  `analyseid` int(11) NOT NULL,
  `MediaId` varchar(255) NOT NULL,
  `ThumbMediaId` varchar(255) NOT NULL,
  KEY `video_analyseid` (`analyseid`),
  CONSTRAINT `video_analyseid` FOREIGN KEY (`analyseid`) REFERENCES `request_analyse` (`analyseid`) ON DELETE CASCADE
) ENGINE=InnoDB DEFAULT CHARSET=utf8;



# Dump of table request_voice
# ------------------------------------------------------------

DROP TABLE IF EXISTS `request_voice`;

CREATE TABLE `request_voice` (
  `analyseid` int(11) NOT NULL,
  `MediaId` varchar(255) NOT NULL,
  `Format` varchar(255) NOT NULL,
  KEY `voice_analyseid` (`analyseid`),
  CONSTRAINT `voice_analyseid` FOREIGN KEY (`analyseid`) REFERENCES `request_analyse` (`analyseid`) ON DELETE CASCADE
) ENGINE=InnoDB DEFAULT CHARSET=utf8;



# Dump of table stores
# ------------------------------------------------------------

DROP TABLE IF EXISTS `stores`;

CREATE TABLE `stores` (
  `id` int(11) NOT NULL AUTO_INCREMENT,
  `storename` varchar(100) NOT NULL,
  `address` varchar(100) DEFAULT NULL,
  `phone` varchar(30) DEFAULT NULL,
  `lat` varchar(30) DEFAULT NULL,
  `lng` varchar(30) DEFAULT NULL,
  `openhours` varchar(50) NOT NULL,
  `brandtype` varchar(50) NOT NULL,
  `storemap` varchar(250) NOT NULL,
  `storelog` varchar(250) NOT NULL,
  `createTime` timestamp NOT NULL DEFAULT CURRENT_TIMESTAMP,
  PRIMARY KEY (`id`)
) ENGINE=InnoDB DEFAULT CHARSET=utf8;

LOCK TABLES `stores` WRITE;
/*!40000 ALTER TABLE `stores` DISABLE KEYS */;

INSERT INTO `stores` (`id`, `storename`, `address`, `phone`, `lat`, `lng`, `openhours`, `brandtype`, `storemap`, `storelog`, `createTime`)
VALUES
	(1,'BBBBBB','AAAAA','12312312312312','31.220885','121.478365','123.4545','asdasd','','http://dirc.samesamechina.com/upload/image/201702/58aa97735b04b.jpg','2017-02-15 18:57:03');

/*!40000 ALTER TABLE `stores` ENABLE KEYS */;
UNLOCK TABLES;


# Dump of table temp_event_log
# ------------------------------------------------------------

DROP TABLE IF EXISTS `temp_event_log`;

CREATE TABLE `temp_event_log` (
  `id` int(11) NOT NULL AUTO_INCREMENT,
  `openid` varchar(30) NOT NULL,
  `texts` varchar(100) NOT NULL,
  `event` varchar(800) NOT NULL,
  `templog` varchar(800) NOT NULL,
  `createTime` timestamp NOT NULL DEFAULT CURRENT_TIMESTAMP,
  PRIMARY KEY (`id`)
) ENGINE=InnoDB DEFAULT CHARSET=utf8;

LOCK TABLES `temp_event_log` WRITE;
/*!40000 ALTER TABLE `temp_event_log` DISABLE KEYS */;

INSERT INTO `temp_event_log` (`id`, `openid`, `texts`, `event`, `templog`, `createTime`)
VALUES
	(1,'o-jLIwdvqdILL9MJLfKcsGNoueGo','651828','{\"filter\":{\"is_to_all\":false,\"tag_id\":\"102\"},\"mpnews\":{\"media_id\":\"NnqC8U1jDp3UP6wekfqfBOlfAjr_p4t76YcNXvlaFQQ\"},\"msgtype\":\"mpnews\"}','{\"errcode\":0,\"errmsg\":\"send job submission success\",\"msg_id\":3147483650,\"msg_data_id\":2247483656}','2017-02-15 22:17:49');

/*!40000 ALTER TABLE `temp_event_log` ENABLE KEYS */;
UNLOCK TABLES;


# Dump of table user_premission
# ------------------------------------------------------------

DROP TABLE IF EXISTS `user_premission`;

CREATE TABLE `user_premission` (
  `uid` int(11) NOT NULL,
  `premission` varchar(50) NOT NULL,
  KEY `wechat_admin_id` (`uid`),
  CONSTRAINT `wechat_admin_id` FOREIGN KEY (`uid`) REFERENCES `wechat_admin` (`id`) ON DELETE CASCADE
) ENGINE=InnoDB DEFAULT CHARSET=utf8;

LOCK TABLES `user_premission` WRITE;
/*!40000 ALTER TABLE `user_premission` DISABLE KEYS */;

INSERT INTO `user_premission` (`uid`, `premission`)
VALUES
	(1,'user_usercontrol');

/*!40000 ALTER TABLE `user_premission` ENABLE KEYS */;
UNLOCK TABLES;


# Dump of table wechat_admin
# ------------------------------------------------------------

DROP TABLE IF EXISTS `wechat_admin`;

CREATE TABLE `wechat_admin` (
  `id` int(11) NOT NULL AUTO_INCREMENT,
  `username` varchar(50) NOT NULL,
  `password` varchar(50) NOT NULL,
  `latestTime` timestamp NOT NULL DEFAULT CURRENT_TIMESTAMP,
  `createTime` timestamp NOT NULL DEFAULT CURRENT_TIMESTAMP,
  PRIMARY KEY (`id`),
  UNIQUE KEY `username` (`username`)
) ENGINE=InnoDB DEFAULT CHARSET=utf8;

LOCK TABLES `wechat_admin` WRITE;
/*!40000 ALTER TABLE `wechat_admin` DISABLE KEYS */;

INSERT INTO `wechat_admin` (`id`, `username`, `password`, `latestTime`, `createTime`)
VALUES
	(1,'admin','846b57d6175d7f6268ef1d0a97c52f55','2017-04-06 14:45:10','2016-05-13 17:25:01');

/*!40000 ALTER TABLE `wechat_admin` ENABLE KEYS */;
UNLOCK TABLES;


# Dump of table wechat_events
# ------------------------------------------------------------

DROP TABLE IF EXISTS `wechat_events`;

CREATE TABLE `wechat_events` (
  `id` int(11) NOT NULL AUTO_INCREMENT,
  `menuId` varchar(50) NOT NULL,
  `getMsgType` varchar(50) NOT NULL,
  `getContent` blob NOT NULL,
  `getEvent` varchar(100) NOT NULL,
  `getEventKey` varchar(255) NOT NULL,
  `getTicket` varchar(255) NOT NULL,
  `MsgType` varchar(50) NOT NULL,
  `createTime` timestamp NOT NULL DEFAULT CURRENT_TIMESTAMP,
  PRIMARY KEY (`id`)
) ENGINE=InnoDB DEFAULT CHARSET=utf8;

LOCK TABLES `wechat_events` WRITE;
/*!40000 ALTER TABLE `wechat_events` DISABLE KEYS */;

INSERT INTO `wechat_events` (`id`, `menuId`, `getMsgType`, `getContent`, `getEvent`, `getEventKey`, `getTicket`, `MsgType`, `createTime`)
VALUES
	(3,'tag58a2c2250a261','text',X'616161','','','','text','2017-02-14 16:40:08'),
	(5,'tag58a4269b3eb9d','text',X'61','','','','news','2017-02-15 18:09:26'),
	(7,'41','event','','click','e1487153878714','','text','2017-02-15 18:17:58'),
	(15,'40','event','','click','e1487153848305','','news','2017-02-15 21:34:59'),
	(16,'43','event','','click','e1487328204259','','text','2017-02-17 18:43:24'),
	(25,'tag58b5418c33619','text',X'31','','','','text','2017-02-28 17:39:01'),
	(26,'46','event','','click','e1488274843277','','text','2017-02-28 17:40:43');

/*!40000 ALTER TABLE `wechat_events` ENABLE KEYS */;
UNLOCK TABLES;


# Dump of table wechat_feedbacks
# ------------------------------------------------------------

DROP TABLE IF EXISTS `wechat_feedbacks`;

CREATE TABLE `wechat_feedbacks` (
  `id` int(11) NOT NULL AUTO_INCREMENT,
  `menuId` varchar(50) NOT NULL,
  `MsgType` varchar(50) NOT NULL,
  `MsgData` blob NOT NULL,
  `createTime` timestamp NOT NULL DEFAULT CURRENT_TIMESTAMP,
  PRIMARY KEY (`id`)
) ENGINE=InnoDB DEFAULT CHARSET=utf8;

LOCK TABLES `wechat_feedbacks` WRITE;
/*!40000 ALTER TABLE `wechat_feedbacks` DISABLE KEYS */;

INSERT INTO `wechat_feedbacks` (`id`, `menuId`, `MsgType`, `MsgData`, `createTime`)
VALUES
	(6,'tag58a2c2250a261','text',X'7B22436F6E74656E74223A22227D','2017-02-14 16:40:08'),
	(8,'tag58a4269b3eb9d','news',X'7B2241727469636C6573223A5B7B225469746C65223A2274747474222C224465736372697074696F6E223A227474222C2255726C223A22687474703A5C2F5C2F6D702E77656978696E2E71712E636F6D5C2F733F5F5F62697A3D4D7A49314D5445794D6A6B7A4F413D3D266D69643D313030303030303032266964783D3126736E3D35363963343235393634393839366665393139616465363364623933396463312663686B736D3D36396636383439373565383130643831613264333337376239373139343833386338313733376630353331366564666661353861343466343339323333623139373735646132643138616264237264222C2250696355726C223A22687474703A5C2F5C2F646972632E73616D6573616D656368696E612E636F6D5C2F63696D672E7068703F7374796C653D775F38303026696D6167653D687474702533412532462532466D6D62697A2E717069632E636E2532466D6D62697A5F706E67253246787445723272426269627436544859426961754156504D615368484D54364D79626B6D754C446961624E7869634F733168456B626D5A347A70776D4864477A46776369627358526962417872624E477841324B714348554D6E5032512532463025334677785F666D74253344706E67227D5D7D','2017-02-15 18:09:26'),
	(10,'41','text',X'7B22436F6E74656E74223A22484848484848484848484848484848484848484848227D','2017-02-15 18:17:58'),
	(19,'40','news',X'7B2241727469636C6573223A5B7B225469746C65223A22E4B893E4B89AE592A8E8AFA2E8A7A3E586B3E696B9E6A18832222C224465736372697074696F6E223A2252494348454D4F4E5453414D452053414D452042555420444946464552454E5420E4B8BAE58E86E5B3B0E99B86E59BA2EFBC8852696368656D6F6E742047726F7570222C2255726C223A22687474703A5C2F5C2F6D702E77656978696E2E71712E636F6D5C2F733F5F5F62697A3D4D7A49314D5445794D6A6B7A4F413D3D266D69643D313030303030303035266964783D3326736E3D38643466303462666434666236646235363962326431643436336364363032342663686B736D3D36396636383439303565383130643836613838333937376638363764613239303466613435616233653063646463336331393762663662633032323464623237646233613565323965373466237264222C2250696355726C223A22687474703A5C2F5C2F646972632E73616D6573616D656368696E612E636F6D5C2F63696D672E7068703F7374796C653D775F38303026696D6167653D687474702533412532462532466D6D62697A2E717069632E636E2532466D6D62697A2532466A4E6768494B4542447A305A317768716654787230444D644174576B4F36303348754D647866537869634A55444965735252657561645A6F475469616C4B37776B37316A76357449585356716E416A4D426D666C6450474125324636343025334677785F666D74253344706E67227D5D7D','2017-02-15 21:34:59'),
	(20,'43','text',X'7B22436F6E74656E74223A22E998BFE890A8E5BEB7227D','2017-02-17 18:43:24'),
	(29,'tag58b5418c33619','text',X'7B22436F6E74656E74223A2231313131313131313131313131313131313131313131313131313131313131313131313131313131313131313131313131313131313131313131313131313131313131313131313131313131313132227D','2017-02-28 17:39:01'),
	(30,'46','text',X'7B22436F6E74656E74223A2254545454545454545454545454545454545454545454545454545454227D','2017-02-28 17:40:43');

/*!40000 ALTER TABLE `wechat_feedbacks` ENABLE KEYS */;
UNLOCK TABLES;


# Dump of table wechat_getmsglog
# ------------------------------------------------------------

DROP TABLE IF EXISTS `wechat_getmsglog`;

CREATE TABLE `wechat_getmsglog` (
  `id` int(11) NOT NULL AUTO_INCREMENT,
  `openid` varchar(50) NOT NULL,
  `msgType` varchar(50) NOT NULL,
  `msgXml` blob NOT NULL,
  `createTime` timestamp NOT NULL DEFAULT CURRENT_TIMESTAMP,
  PRIMARY KEY (`id`)
) ENGINE=InnoDB DEFAULT CHARSET=utf8;

LOCK TABLES `wechat_getmsglog` WRITE;
/*!40000 ALTER TABLE `wechat_getmsglog` DISABLE KEYS */;

INSERT INTO `wechat_getmsglog` (`id`, `openid`, `msgType`, `msgXml`, `createTime`)
VALUES
	(1,'oFnmEwXwuGha8zvqN63cJJqIACsE','text',X'3C786D6C3E3C546F557365724E616D653E3C215B43444154415B67685F3439623662303864363234635D5D3E3C2F546F557365724E616D653E0A3C46726F6D557365724E616D653E3C215B43444154415B6F466E6D4577587775476861387A76714E3633634A4A7149414373455D5D3E3C2F46726F6D557365724E616D653E0A3C43726561746554696D653E313438333631313131313C2F43726561746554696D653E0A3C4D7367547970653E3C215B43444154415B746578745D5D3E3C2F4D7367547970653E0A3C436F6E74656E743E3C215B43444154415BF09F9983F09F9983F09F9983F09F99835D5D3E3C2F436F6E74656E743E0A3C4D736749643E363337323036313230323134393833303532303C2F4D736749643E0A3C2F786D6C3E','2017-01-05 18:11:51'),
	(2,'oFnmEwXwuGha8zvqN63cJJqIACsE','text',X'3C786D6C3E3C546F557365724E616D653E3C215B43444154415B67685F3439623662303864363234635D5D3E3C2F546F557365724E616D653E0A3C46726F6D557365724E616D653E3C215B43444154415B6F466E6D4577587775476861387A76714E3633634A4A7149414373455D5D3E3C2F46726F6D557365724E616D653E0A3C43726561746554696D653E313438333631313136373C2F43726561746554696D653E0A3C4D7367547970653E3C215B43444154415B746578745D5D3E3C2F4D7367547970653E0A3C436F6E74656E743E3C215B43444154415B615D5D3E3C2F436F6E74656E743E0A3C4D736749643E363337323036313434323636373939393130383C2F4D736749643E0A3C2F786D6C3E','2017-01-05 18:12:47'),
	(3,'oFnmEwXwuGha8zvqN63cJJqIACsE','text',X'3C786D6C3E3C546F557365724E616D653E3C215B43444154415B67685F3439623662303864363234635D5D3E3C2F546F557365724E616D653E0A3C46726F6D557365724E616D653E3C215B43444154415B6F466E6D4577587775476861387A76714E3633634A4A7149414373455D5D3E3C2F46726F6D557365724E616D653E0A3C43726561746554696D653E313438333631313137333C2F43726561746554696D653E0A3C4D7367547970653E3C215B43444154415B746578745D5D3E3C2F4D7367547970653E0A3C436F6E74656E743E3C215B43444154415B6868685D5D3E3C2F436F6E74656E743E0A3C4D736749643E363337323036313436383433373830323838363C2F4D736749643E0A3C2F786D6C3E','2017-01-05 18:12:54'),
	(4,'oFnmEwXwuGha8zvqN63cJJqIACsE','text',X'3C786D6C3E3C546F557365724E616D653E3C215B43444154415B67685F3439623662303864363234635D5D3E3C2F546F557365724E616D653E0A3C46726F6D557365724E616D653E3C215B43444154415B6F466E6D4577587775476861387A76714E3633634A4A7149414373455D5D3E3C2F46726F6D557365724E616D653E0A3C43726561746554696D653E313438333631313137393C2F43726561746554696D653E0A3C4D7367547970653E3C215B43444154415B746578745D5D3E3C2F4D7367547970653E0A3C436F6E74656E743E3C215B43444154415B615D5D3E3C2F436F6E74656E743E0A3C4D736749643E363337323036313439343230373630363636363C2F4D736749643E0A3C2F786D6C3E','2017-01-05 18:12:59'),
	(5,'oFnmEwXwuGha8zvqN63cJJqIACsE','text',X'3C786D6C3E3C546F557365724E616D653E3C215B43444154415B67685F3439623662303864363234635D5D3E3C2F546F557365724E616D653E0A3C46726F6D557365724E616D653E3C215B43444154415B6F466E6D4577587775476861387A76714E3633634A4A7149414373455D5D3E3C2F46726F6D557365724E616D653E0A3C43726561746554696D653E313438333631313138393C2F43726561746554696D653E0A3C4D7367547970653E3C215B43444154415B746578745D5D3E3C2F4D7367547970653E0A3C436F6E74656E743E3C215B43444154415B615D5D3E3C2F436F6E74656E743E0A3C4D736749643E363337323036313533373135373237393633333C2F4D736749643E0A3C2F786D6C3E','2017-01-05 18:13:09'),
	(6,'oFnmEwXwuGha8zvqN63cJJqIACsE','text',X'3C786D6C3E3C546F557365724E616D653E3C215B43444154415B67685F3439623662303864363234635D5D3E3C2F546F557365724E616D653E0A3C46726F6D557365724E616D653E3C215B43444154415B6F466E6D4577587775476861387A76714E3633634A4A7149414373455D5D3E3C2F46726F6D557365724E616D653E0A3C43726561746554696D653E313438333631313238363C2F43726561746554696D653E0A3C4D7367547970653E3C215B43444154415B746578745D5D3E3C2F4D7367547970653E0A3C436F6E74656E743E3C215B43444154415B615D5D3E3C2F436F6E74656E743E0A3C4D736749643E363337323036313935333736393130373336383C2F4D736749643E0A3C2F786D6C3E','2017-01-05 18:14:46'),
	(7,'oFnmEwXwuGha8zvqN63cJJqIACsE','text',X'3C786D6C3E3C546F557365724E616D653E3C215B43444154415B67685F3439623662303864363234635D5D3E3C2F546F557365724E616D653E0A3C46726F6D557365724E616D653E3C215B43444154415B6F466E6D4577587775476861387A76714E3633634A4A7149414373455D5D3E3C2F46726F6D557365724E616D653E0A3C43726561746554696D653E313438333631313339363C2F43726561746554696D653E0A3C4D7367547970653E3C215B43444154415B746578745D5D3E3C2F4D7367547970653E0A3C436F6E74656E743E3C215B43444154415B615D5D3E3C2F436F6E74656E743E0A3C4D736749643E363337323036323432363231353530393934333C2F4D736749643E0A3C2F786D6C3E','2017-01-05 18:16:36'),
	(8,'o-jLIwdvqdILL9MJLfKcsGNoueGo','text',X'3C786D6C3E3C546F557365724E616D653E3C215B43444154415B67685F3266613063323566376462345D5D3E3C2F546F557365724E616D653E0A3C46726F6D557365724E616D653E3C215B43444154415B6F2D6A4C497764767164494C4C394D4A4C664B6373474E6F7565476F5D5D3E3C2F46726F6D557365724E616D653E0A3C43726561746554696D653E313438363536373836393C2F43726561746554696D653E0A3C4D7367547970653E3C215B43444154415B746578745D5D3E3C2F4D7367547970653E0A3C436F6E74656E743E3C215B43444154415B315D5D3E3C2F436F6E74656E743E0A3C4D736749643E363338343736303338313039313838373833313C2F4D736749643E0A3C2F786D6C3E','2017-02-08 23:31:10'),
	(9,'o-jLIwdvqdILL9MJLfKcsGNoueGo','text',X'3C786D6C3E3C546F557365724E616D653E3C215B43444154415B67685F3266613063323566376462345D5D3E3C2F546F557365724E616D653E0A3C46726F6D557365724E616D653E3C215B43444154415B6F2D6A4C497764767164494C4C394D4A4C664B6373474E6F7565476F5D5D3E3C2F46726F6D557365724E616D653E0A3C43726561746554696D653E313438363536373838373C2F43726561746554696D653E0A3C4D7367547970653E3C215B43444154415B746578745D5D3E3C2F4D7367547970653E0A3C436F6E74656E743E3C215B43444154415B315D5D3E3C2F436F6E74656E743E0A3C4D736749643E363338343736303435383430313239393136313C2F4D736749643E0A3C2F786D6C3E','2017-02-08 23:31:27'),
	(10,'o-jLIwdvqdILL9MJLfKcsGNoueGo','event',X'3C786D6C3E3C546F557365724E616D653E3C215B43444154415B67685F3266613063323566376462345D5D3E3C2F546F557365724E616D653E0A3C46726F6D557365724E616D653E3C215B43444154415B6F2D6A4C497764767164494C4C394D4A4C664B6373474E6F7565476F5D5D3E3C2F46726F6D557365724E616D653E0A3C43726561746554696D653E313438363632333133353C2F43726561746554696D653E0A3C4D7367547970653E3C215B43444154415B6576656E745D5D3E3C2F4D7367547970653E0A3C4576656E743E3C215B43444154415B5343414E5D5D3E3C2F4576656E743E0A3C4576656E744B65793E3C215B43444154415B315D5D3E3C2F4576656E744B65793E0A3C5469636B65743E3C215B43444154415B675148643844774141414141414141414153356F644852774F6938766432567065476C754C6E46784C6D4E76625339784C7A417954446C58574752765630396D4F4445784D4441774D4863774D7A67414167544A576C4A5941775141414141415D5D3E3C2F5469636B65743E0A3C2F786D6C3E','2017-02-09 14:52:15'),
	(11,'o-jLIwSEOMqxLtY6S5cUgwYIZSk8','event',X'3C786D6C3E3C546F557365724E616D653E3C215B43444154415B67685F3266613063323566376462345D5D3E3C2F546F557365724E616D653E0A3C46726F6D557365724E616D653E3C215B43444154415B6F2D6A4C497753454F4D71784C74593653356355677759495A536B385D5D3E3C2F46726F6D557365724E616D653E0A3C43726561746554696D653E313438363935363634303C2F43726561746554696D653E0A3C4D7367547970653E3C215B43444154415B6576656E745D5D3E3C2F4D7367547970653E0A3C4576656E743E3C215B43444154415B636172645F706173735F636865636B5D5D3E3C2F4576656E743E0A3C4361726449643E3C215B43444154415B702D6A4C4977564C4F796865566631333154785A335F49476733516F5D5D3E3C2F4361726449643E0A3C526566757365526561736F6E3E3C215B43444154415B5D5D3E3C2F526566757365526561736F6E3E0A3C2F786D6C3E','2017-02-13 11:30:40'),
	(12,'o-jLIwdvqdILL9MJLfKcsGNoueGo','event',X'3C786D6C3E3C546F557365724E616D653E3C215B43444154415B67685F3266613063323566376462345D5D3E3C2F546F557365724E616D653E0A3C46726F6D557365724E616D653E3C215B43444154415B6F2D6A4C497764767164494C4C394D4A4C664B6373474E6F7565476F5D5D3E3C2F46726F6D557365724E616D653E0A3C43726561746554696D653E313438363935373034353C2F43726561746554696D653E0A3C4D7367547970653E3C215B43444154415B6576656E745D5D3E3C2F4D7367547970653E0A3C4576656E743E3C215B43444154415B757365725F6765745F636172645D5D3E3C2F4576656E743E0A3C4361726449643E3C215B43444154415B702D6A4C4977564C4F796865566631333154785A335F49476733516F5D5D3E3C2F4361726449643E0A3C4973476976654279467269656E643E303C2F4973476976654279467269656E643E0A3C5573657243617264436F64653E3C215B43444154415B3139393233353037343233325D5D3E3C2F5573657243617264436F64653E0A3C467269656E64557365724E616D653E3C215B43444154415B5D5D3E3C2F467269656E64557365724E616D653E0A3C4F7574657249643E303C2F4F7574657249643E0A3C4F6C645573657243617264436F64653E3C215B43444154415B5D5D3E3C2F4F6C645573657243617264436F64653E0A3C4973526573746F72654D656D626572436172643E303C2F4973526573746F72654D656D626572436172643E0A3C49735265636F6D6D656E644279467269656E643E303C2F49735265636F6D6D656E644279467269656E643E0A3C536F757263655363656E653E3C215B43444154415B534F555243455F5343454E455F5152434F44455D5D3E3C2F536F757263655363656E653E0A3C2F786D6C3E','2017-02-13 11:37:25'),
	(13,'o-jLIwZAo2KAE72dsgFtFCzNRr5E','event',X'3C786D6C3E3C546F557365724E616D653E3C215B43444154415B67685F3266613063323566376462345D5D3E3C2F546F557365724E616D653E0A3C46726F6D557365724E616D653E3C215B43444154415B6F2D6A4C49775A416F324B41453732647367467446437A4E527235455D5D3E3C2F46726F6D557365724E616D653E0A3C43726561746554696D653E313438363935373333303C2F43726561746554696D653E0A3C4D7367547970653E3C215B43444154415B6576656E745D5D3E3C2F4D7367547970653E0A3C4576656E743E3C215B43444154415B757365725F6765745F636172645D5D3E3C2F4576656E743E0A3C4361726449643E3C215B43444154415B702D6A4C4977564C4F796865566631333154785A335F49476733516F5D5D3E3C2F4361726449643E0A3C4973476976654279467269656E643E303C2F4973476976654279467269656E643E0A3C5573657243617264436F64653E3C215B43444154415B3236313533303036303632355D5D3E3C2F5573657243617264436F64653E0A3C467269656E64557365724E616D653E3C215B43444154415B5D5D3E3C2F467269656E64557365724E616D653E0A3C4F7574657249643E303C2F4F7574657249643E0A3C4F6C645573657243617264436F64653E3C215B43444154415B5D5D3E3C2F4F6C645573657243617264436F64653E0A3C4973526573746F72654D656D626572436172643E303C2F4973526573746F72654D656D626572436172643E0A3C49735265636F6D6D656E644279467269656E643E303C2F49735265636F6D6D656E644279467269656E643E0A3C536F757263655363656E653E3C215B43444154415B534F555243455F5343454E455F5152434F44455D5D3E3C2F536F757263655363656E653E0A3C2F786D6C3E','2017-02-13 11:42:10'),
	(14,'o-jLIwZAo2KAE72dsgFtFCzNRr5E','event',X'3C786D6C3E3C546F557365724E616D653E3C215B43444154415B67685F3266613063323566376462345D5D3E3C2F546F557365724E616D653E0A3C46726F6D557365724E616D653E3C215B43444154415B6F2D6A4C49775A416F324B41453732647367467446437A4E527235455D5D3E3C2F46726F6D557365724E616D653E0A3C43726561746554696D653E313438363935373335333C2F43726561746554696D653E0A3C4D7367547970653E3C215B43444154415B6576656E745D5D3E3C2F4D7367547970653E0A3C4576656E743E3C215B43444154415B757365725F64656C5F636172645D5D3E3C2F4576656E743E0A3C4361726449643E3C215B43444154415B702D6A4C4977564C4F796865566631333154785A335F49476733516F5D5D3E3C2F4361726449643E0A3C5573657243617264436F64653E3C215B43444154415B3236313533303036303632355D5D3E3C2F5573657243617264436F64653E0A3C2F786D6C3E','2017-02-13 11:42:33'),
	(15,'o-jLIwdvqdILL9MJLfKcsGNoueGo','event',X'3C786D6C3E3C546F557365724E616D653E3C215B43444154415B67685F3266613063323566376462345D5D3E3C2F546F557365724E616D653E0A3C46726F6D557365724E616D653E3C215B43444154415B6F2D6A4C497764767164494C4C394D4A4C664B6373474E6F7565476F5D5D3E3C2F46726F6D557365724E616D653E0A3C43726561746554696D653E313438363935373432323C2F43726561746554696D653E0A3C4D7367547970653E3C215B43444154415B6576656E745D5D3E3C2F4D7367547970653E0A3C4576656E743E3C215B43444154415B757365725F656E7465725F73657373696F6E5F66726F6D5F636172645D5D3E3C2F4576656E743E0A3C4361726449643E3C215B43444154415B702D6A4C4977564C4F796865566631333154785A335F49476733516F5D5D3E3C2F4361726449643E0A3C5573657243617264436F64653E3C215B43444154415B3139393233353037343233325D5D3E3C2F5573657243617264436F64653E0A3C2F786D6C3E','2017-02-13 11:43:42'),
	(16,'o-jLIwdvqdILL9MJLfKcsGNoueGo','event',X'3C786D6C3E3C546F557365724E616D653E3C215B43444154415B67685F3266613063323566376462345D5D3E3C2F546F557365724E616D653E0A3C46726F6D557365724E616D653E3C215B43444154415B6F2D6A4C497764767164494C4C394D4A4C664B6373474E6F7565476F5D5D3E3C2F46726F6D557365724E616D653E0A3C43726561746554696D653E313438363935373432393C2F43726561746554696D653E0A3C4D7367547970653E3C215B43444154415B6576656E745D5D3E3C2F4D7367547970653E0A3C4576656E743E3C215B43444154415B757365725F656E7465725F73657373696F6E5F66726F6D5F636172645D5D3E3C2F4576656E743E0A3C4361726449643E3C215B43444154415B702D6A4C4977564C4F796865566631333154785A335F49476733516F5D5D3E3C2F4361726449643E0A3C5573657243617264436F64653E3C215B43444154415B3139393233353037343233325D5D3E3C2F5573657243617264436F64653E0A3C2F786D6C3E','2017-02-13 11:43:49'),
	(17,'o-jLIwdvqdILL9MJLfKcsGNoueGo','text',X'3C786D6C3E3C546F557365724E616D653E3C215B43444154415B67685F3266613063323566376462345D5D3E3C2F546F557365724E616D653E0A3C46726F6D557365724E616D653E3C215B43444154415B6F2D6A4C497764767164494C4C394D4A4C664B6373474E6F7565476F5D5D3E3C2F46726F6D557365724E616D653E0A3C43726561746554696D653E313438373036313539383C2F43726561746554696D653E0A3C4D7367547970653E3C215B43444154415B746578745D5D3E3C2F4D7367547970653E0A3C436F6E74656E743E3C215B43444154415B6161615D5D3E3C2F436F6E74656E743E0A3C4D736749643E363338363838303933313030303238323530393C2F4D736749643E0A3C2F786D6C3E','2017-02-14 16:39:58'),
	(18,'o-jLIwdvqdILL9MJLfKcsGNoueGo','text',X'3C786D6C3E3C546F557365724E616D653E3C215B43444154415B67685F3266613063323566376462345D5D3E3C2F546F557365724E616D653E0A3C46726F6D557365724E616D653E3C215B43444154415B6F2D6A4C497764767164494C4C394D4A4C664B6373474E6F7565476F5D5D3E3C2F46726F6D557365724E616D653E0A3C43726561746554696D653E313438373036313631323C2F43726561746554696D653E0A3C4D7367547970653E3C215B43444154415B746578745D5D3E3C2F4D7367547970653E0A3C436F6E74656E743E3C215B43444154415B6161615D5D3E3C2F436F6E74656E743E0A3C4D736749643E363338363838303939313132393832343635383C2F4D736749643E0A3C2F786D6C3E','2017-02-14 16:40:12'),
	(19,'o-jLIwdvqdILL9MJLfKcsGNoueGo','event',X'3C786D6C3E3C546F557365724E616D653E3C215B43444154415B67685F3266613063323566376462345D5D3E3C2F546F557365724E616D653E0A3C46726F6D557365724E616D653E3C215B43444154415B6F2D6A4C497764767164494C4C394D4A4C664B6373474E6F7565476F5D5D3E3C2F46726F6D557365724E616D653E0A3C43726561746554696D653E313438373036363736393C2F43726561746554696D653E0A3C4D7367547970653E3C215B43444154415B6576656E745D5D3E3C2F4D7367547970653E0A3C4576656E743E3C215B43444154415B757365725F6765745F636172645D5D3E3C2F4576656E743E0A3C4361726449643E3C215B43444154415B702D6A4C4977564C4F796865566631333154785A335F49476733516F5D5D3E3C2F4361726449643E0A3C4973476976654279467269656E643E303C2F4973476976654279467269656E643E0A3C5573657243617264436F64653E3C215B43444154415B3230393033393536303034355D5D3E3C2F5573657243617264436F64653E0A3C467269656E64557365724E616D653E3C215B43444154415B5D5D3E3C2F467269656E64557365724E616D653E0A3C4F7574657249643E303C2F4F7574657249643E0A3C4F6C645573657243617264436F64653E3C215B43444154415B5D5D3E3C2F4F6C645573657243617264436F64653E0A3C4973526573746F72654D656D626572436172643E303C2F4973526573746F72654D656D626572436172643E0A3C49735265636F6D6D656E644279467269656E643E303C2F49735265636F6D6D656E644279467269656E643E0A3C536F757263655363656E653E3C215B43444154415B534F555243455F5343454E455F554E4B4E4F575D5D3E3C2F536F757263655363656E653E0A3C2F786D6C3E','2017-02-14 18:06:09'),
	(20,'o-jLIwdvqdILL9MJLfKcsGNoueGo','event',X'3C786D6C3E3C546F557365724E616D653E3C215B43444154415B67685F3266613063323566376462345D5D3E3C2F546F557365724E616D653E0A3C46726F6D557365724E616D653E3C215B43444154415B6F2D6A4C497764767164494C4C394D4A4C664B6373474E6F7565476F5D5D3E3C2F46726F6D557365724E616D653E0A3C43726561746554696D653E313438373036363737323C2F43726561746554696D653E0A3C4D7367547970653E3C215B43444154415B6576656E745D5D3E3C2F4D7367547970653E0A3C4576656E743E3C215B43444154415B757365725F6765745F636172645D5D3E3C2F4576656E743E0A3C4361726449643E3C215B43444154415B702D6A4C4977564C4F796865566631333154785A335F49476733516F5D5D3E3C2F4361726449643E0A3C4973476976654279467269656E643E303C2F4973476976654279467269656E643E0A3C5573657243617264436F64653E3C215B43444154415B3030303839313934303134305D5D3E3C2F5573657243617264436F64653E0A3C467269656E64557365724E616D653E3C215B43444154415B5D5D3E3C2F467269656E64557365724E616D653E0A3C4F7574657249643E303C2F4F7574657249643E0A3C4F6C645573657243617264436F64653E3C215B43444154415B5D5D3E3C2F4F6C645573657243617264436F64653E0A3C4973526573746F72654D656D626572436172643E303C2F4973526573746F72654D656D626572436172643E0A3C49735265636F6D6D656E644279467269656E643E303C2F49735265636F6D6D656E644279467269656E643E0A3C536F757263655363656E653E3C215B43444154415B534F555243455F5343454E455F554E4B4E4F575D5D3E3C2F536F757263655363656E653E0A3C2F786D6C3E','2017-02-14 18:06:12'),
	(21,'o-jLIwdvqdILL9MJLfKcsGNoueGo','event',X'3C786D6C3E3C546F557365724E616D653E3C215B43444154415B67685F3266613063323566376462345D5D3E3C2F546F557365724E616D653E0A3C46726F6D557365724E616D653E3C215B43444154415B6F2D6A4C497764767164494C4C394D4A4C664B6373474E6F7565476F5D5D3E3C2F46726F6D557365724E616D653E0A3C43726561746554696D653E313438373036363831313C2F43726561746554696D653E0A3C4D7367547970653E3C215B43444154415B6576656E745D5D3E3C2F4D7367547970653E0A3C4576656E743E3C215B43444154415B757365725F64656C5F636172645D5D3E3C2F4576656E743E0A3C4361726449643E3C215B43444154415B702D6A4C4977564C4F796865566631333154785A335F49476733516F5D5D3E3C2F4361726449643E0A3C5573657243617264436F64653E3C215B43444154415B3030303839313934303134305D5D3E3C2F5573657243617264436F64653E0A3C2F786D6C3E','2017-02-14 18:06:51'),
	(22,'o-jLIwdvqdILL9MJLfKcsGNoueGo','event',X'3C786D6C3E3C546F557365724E616D653E3C215B43444154415B67685F3266613063323566376462345D5D3E3C2F546F557365724E616D653E0A3C46726F6D557365724E616D653E3C215B43444154415B6F2D6A4C497764767164494C4C394D4A4C664B6373474E6F7565476F5D5D3E3C2F46726F6D557365724E616D653E0A3C43726561746554696D653E313438373036363831343C2F43726561746554696D653E0A3C4D7367547970653E3C215B43444154415B6576656E745D5D3E3C2F4D7367547970653E0A3C4576656E743E3C215B43444154415B757365725F64656C5F636172645D5D3E3C2F4576656E743E0A3C4361726449643E3C215B43444154415B702D6A4C4977564C4F796865566631333154785A335F49476733516F5D5D3E3C2F4361726449643E0A3C5573657243617264436F64653E3C215B43444154415B3230393033393536303034355D5D3E3C2F5573657243617264436F64653E0A3C2F786D6C3E','2017-02-14 18:06:54'),
	(23,'o-jLIwdvqdILL9MJLfKcsGNoueGo','event',X'3C786D6C3E3C546F557365724E616D653E3C215B43444154415B67685F3266613063323566376462345D5D3E3C2F546F557365724E616D653E0A3C46726F6D557365724E616D653E3C215B43444154415B6F2D6A4C497764767164494C4C394D4A4C664B6373474E6F7565476F5D5D3E3C2F46726F6D557365724E616D653E0A3C43726561746554696D653E313438373132393432363C2F43726561746554696D653E0A3C4D7367547970653E3C215B43444154415B6576656E745D5D3E3C2F4D7367547970653E0A3C4576656E743E3C215B43444154415B757365725F64656C5F636172645D5D3E3C2F4576656E743E0A3C4361726449643E3C215B43444154415B702D6A4C4977564C4F796865566631333154785A335F49476733516F5D5D3E3C2F4361726449643E0A3C5573657243617264436F64653E3C215B43444154415B3139393233353037343233325D5D3E3C2F5573657243617264436F64653E0A3C2F786D6C3E','2017-02-15 11:30:26'),
	(24,'o-jLIwdvqdILL9MJLfKcsGNoueGo','text',X'3C786D6C3E3C546F557365724E616D653E3C215B43444154415B67685F3266613063323566376462345D5D3E3C2F546F557365724E616D653E0A3C46726F6D557365724E616D653E3C215B43444154415B6F2D6A4C497764767164494C4C394D4A4C664B6373474E6F7565476F5D5D3E3C2F46726F6D557365724E616D653E0A3C43726561746554696D653E313438373135333030373C2F43726561746554696D653E0A3C4D7367547970653E3C215B43444154415B746578745D5D3E3C2F4D7367547970653E0A3C436F6E74656E743E3C215B43444154415B615D5D3E3C2F436F6E74656E743E0A3C4D736749643E363338373237333532393636353835393830383C2F4D736749643E0A3C2F786D6C3E','2017-02-15 18:03:27'),
	(25,'o-jLIwdvqdILL9MJLfKcsGNoueGo','text',X'3C786D6C3E3C546F557365724E616D653E3C215B43444154415B67685F3266613063323566376462345D5D3E3C2F546F557365724E616D653E0A3C46726F6D557365724E616D653E3C215B43444154415B6F2D6A4C497764767164494C4C394D4A4C664B6373474E6F7565476F5D5D3E3C2F46726F6D557365724E616D653E0A3C43726561746554696D653E313438373135333131363C2F43726561746554696D653E0A3C4D7367547970653E3C215B43444154415B746578745D5D3E3C2F4D7367547970653E0A3C436F6E74656E743E3C215B43444154415B615D5D3E3C2F436F6E74656E743E0A3C4D736749643E363338373237333939373831373239353039363C2F4D736749643E0A3C2F786D6C3E','2017-02-15 18:05:17'),
	(26,'o-jLIwdvqdILL9MJLfKcsGNoueGo','text',X'3C786D6C3E3C546F557365724E616D653E3C215B43444154415B67685F3266613063323566376462345D5D3E3C2F546F557365724E616D653E0A3C46726F6D557365724E616D653E3C215B43444154415B6F2D6A4C497764767164494C4C394D4A4C664B6373474E6F7565476F5D5D3E3C2F46726F6D557365724E616D653E0A3C43726561746554696D653E313438373135333132323C2F43726561746554696D653E0A3C4D7367547970653E3C215B43444154415B746578745D5D3E3C2F4D7367547970653E0A3C436F6E74656E743E3C215B43444154415B615D5D3E3C2F436F6E74656E743E0A3C4D736749643E363338373237343032333538373039383837343C2F4D736749643E0A3C2F786D6C3E','2017-02-15 18:05:22'),
	(27,'o-jLIwdvqdILL9MJLfKcsGNoueGo','text',X'3C786D6C3E3C546F557365724E616D653E3C215B43444154415B67685F3266613063323566376462345D5D3E3C2F546F557365724E616D653E0A3C46726F6D557365724E616D653E3C215B43444154415B6F2D6A4C497764767164494C4C394D4A4C664B6373474E6F7565476F5D5D3E3C2F46726F6D557365724E616D653E0A3C43726561746554696D653E313438373135333236383C2F43726561746554696D653E0A3C4D7367547970653E3C215B43444154415B746578745D5D3E3C2F4D7367547970653E0A3C436F6E74656E743E3C215B43444154415B615D5D3E3C2F436F6E74656E743E0A3C4D736749643E363338373237343635303635323332343134323C2F4D736749643E0A3C2F786D6C3E','2017-02-15 18:07:48'),
	(28,'o-jLIwdvqdILL9MJLfKcsGNoueGo','text',X'3C786D6C3E3C546F557365724E616D653E3C215B43444154415B67685F3266613063323566376462345D5D3E3C2F546F557365724E616D653E0A3C46726F6D557365724E616D653E3C215B43444154415B6F2D6A4C497764767164494C4C394D4A4C664B6373474E6F7565476F5D5D3E3C2F46726F6D557365724E616D653E0A3C43726561746554696D653E313438373135333338303C2F43726561746554696D653E0A3C4D7367547970653E3C215B43444154415B746578745D5D3E3C2F4D7367547970653E0A3C436F6E74656E743E3C215B43444154415B615D5D3E3C2F436F6E74656E743E0A3C4D736749643E363338373237353133313638383636313335313C2F4D736749643E0A3C2F786D6C3E','2017-02-15 18:09:40'),
	(29,'o-jLIwdvqdILL9MJLfKcsGNoueGo','location',X'3C786D6C3E3C546F557365724E616D653E3C215B43444154415B67685F3266613063323566376462345D5D3E3C2F546F557365724E616D653E0A3C46726F6D557365724E616D653E3C215B43444154415B6F2D6A4C497764767164494C4C394D4A4C664B6373474E6F7565476F5D5D3E3C2F46726F6D557365724E616D653E0A3C43726561746554696D653E313438373135333430323C2F43726561746554696D653E0A3C4D7367547970653E3C215B43444154415B6C6F636174696F6E5D5D3E3C2F4D7367547970653E0A3C4C6F636174696F6E5F583E33312E3232303838353C2F4C6F636174696F6E5F583E0A3C4C6F636174696F6E5F593E3132312E3437383336353C2F4C6F636174696F6E5F593E0A3C5363616C653E31353C2F5363616C653E0A3C4C6162656C3E3C215B43444154415BE4B88AE6B5B7E5B882E9BB84E6B5A6E58CBAE696B0E5A4A9E59CB0E6B58EE58D97E8B7AFE4BC81E4B89AE5A4A9E59CB05D5D3E3C2F4C6162656C3E0A3C4D736749643E363338373237353232363137373934313836363C2F4D736749643E0A3C2F786D6C3E','2017-02-15 18:10:02'),
	(30,'o-jLIwZAo2KAE72dsgFtFCzNRr5E','event',X'3C786D6C3E3C546F557365724E616D653E3C215B43444154415B67685F3266613063323566376462345D5D3E3C2F546F557365724E616D653E0A3C46726F6D557365724E616D653E3C215B43444154415B6F2D6A4C49775A416F324B41453732647367467446437A4E527235455D5D3E3C2F46726F6D557365724E616D653E0A3C43726561746554696D653E313438373135333933393C2F43726561746554696D653E0A3C4D7367547970653E3C215B43444154415B6576656E745D5D3E3C2F4D7367547970653E0A3C4576656E743E3C215B43444154415B7375627363726962655D5D3E3C2F4576656E743E0A3C4576656E744B65793E3C215B43444154415B5D5D3E3C2F4576656E744B65793E0A3C2F786D6C3E','2017-02-15 18:18:59'),
	(31,'o-jLIwdvqdILL9MJLfKcsGNoueGo','text',X'3C786D6C3E3C546F557365724E616D653E3C215B43444154415B67685F3266613063323566376462345D5D3E3C2F546F557365724E616D653E0A3C46726F6D557365724E616D653E3C215B43444154415B6F2D6A4C497764767164494C4C394D4A4C664B6373474E6F7565476F5D5D3E3C2F46726F6D557365724E616D653E0A3C43726561746554696D653E313438373135343534383C2F43726561746554696D653E0A3C4D7367547970653E3C215B43444154415B746578745D5D3E3C2F4D7367547970653E0A3C436F6E74656E743E3C215B43444154415B615D5D3E3C2F436F6E74656E743E0A3C4D736749643E363338373238303134383231303436333336323C2F4D736749643E0A3C2F786D6C3E','2017-02-15 18:29:08'),
	(32,'o-jLIwdvqdILL9MJLfKcsGNoueGo','text',X'3C786D6C3E3C546F557365724E616D653E3C215B43444154415B67685F3266613063323566376462345D5D3E3C2F546F557365724E616D653E0A3C46726F6D557365724E616D653E3C215B43444154415B6F2D6A4C497764767164494C4C394D4A4C664B6373474E6F7565476F5D5D3E3C2F46726F6D557365724E616D653E0A3C43726561746554696D653E313438373135343537313C2F43726561746554696D653E0A3C4D7367547970653E3C215B43444154415B746578745D5D3E3C2F4D7367547970653E0A3C436F6E74656E743E3C215B43444154415B3535355D5D3E3C2F436F6E74656E743E0A3C4D736749643E363338373238303234363939343731313137363C2F4D736749643E0A3C2F786D6C3E','2017-02-15 18:29:31'),
	(33,'o-jLIwdvqdILL9MJLfKcsGNoueGo','text',X'3C786D6C3E3C546F557365724E616D653E3C215B43444154415B67685F3266613063323566376462345D5D3E3C2F546F557365724E616D653E0A3C46726F6D557365724E616D653E3C215B43444154415B6F2D6A4C497764767164494C4C394D4A4C664B6373474E6F7565476F5D5D3E3C2F46726F6D557365724E616D653E0A3C43726561746554696D653E313438373135343538343C2F43726561746554696D653E0A3C4D7367547970653E3C215B43444154415B746578745D5D3E3C2F4D7367547970653E0A3C436F6E74656E743E3C215B43444154415B35353535325D5D3E3C2F436F6E74656E743E0A3C4D736749643E363338373238303330323832393238363032393C2F4D736749643E0A3C2F786D6C3E','2017-02-15 18:29:44'),
	(34,'fromUser','text',X'3C786D6C3E0A203C546F557365724E616D653E3C215B43444154415B746F557365725D5D3E3C2F546F557365724E616D653E0A203C46726F6D557365724E616D653E3C215B43444154415B66726F6D557365725D5D3E3C2F46726F6D557365724E616D653E0A203C43726561746554696D653E313334383833313836303C2F43726561746554696D653E0A203C4D7367547970653E3C215B43444154415B746578745D5D3E3C2F4D7367547970653E0A203C436F6E74656E743E3C215B43444154415B74686973206973206120746573745D5D3E3C2F436F6E74656E743E0A203C4D736749643E313233343536373839303132333435363C2F4D736749643E0A203C2F786D6C3E','2017-02-15 18:30:19'),
	(35,'o-jLIwdvqdILL9MJLfKcsGNoueGo','text',X'3C786D6C3E3C546F557365724E616D653E3C215B43444154415B67685F3266613063323566376462345D5D3E3C2F546F557365724E616D653E0A3C46726F6D557365724E616D653E3C215B43444154415B6F2D6A4C497764767164494C4C394D4A4C664B6373474E6F7565476F5D5D3E3C2F46726F6D557365724E616D653E0A3C43726561746554696D653E313438373135353037303C2F43726561746554696D653E0A3C4D7367547970653E3C215B43444154415B746578745D5D3E3C2F4D7367547970653E0A3C436F6E74656E743E3C215B43444154415B353535355D5D3E3C2F436F6E74656E743E0A3C4D736749643E363338373238323339303138333339323033373C2F4D736749643E0A3C2F786D6C3E','2017-02-15 18:37:51'),
	(36,'o-jLIwdvqdILL9MJLfKcsGNoueGo','event',X'3C786D6C3E3C546F557365724E616D653E3C215B43444154415B67685F3266613063323566376462345D5D3E3C2F546F557365724E616D653E0A3C46726F6D557365724E616D653E3C215B43444154415B6F2D6A4C497764767164494C4C394D4A4C664B6373474E6F7565476F5D5D3E3C2F46726F6D557365724E616D653E0A3C43726561746554696D653E313438373135353130313C2F43726561746554696D653E0A3C4D7367547970653E3C215B43444154415B6576656E745D5D3E3C2F4D7367547970653E0A3C4576656E743E3C215B43444154415B756E7375627363726962655D5D3E3C2F4576656E743E0A3C4576656E744B65793E3C215B43444154415B5D5D3E3C2F4576656E744B65793E0A3C2F786D6C3E','2017-02-15 18:38:21'),
	(37,'o-jLIwdvqdILL9MJLfKcsGNoueGo','event',X'3C786D6C3E3C546F557365724E616D653E3C215B43444154415B67685F3266613063323566376462345D5D3E3C2F546F557365724E616D653E0A3C46726F6D557365724E616D653E3C215B43444154415B6F2D6A4C497764767164494C4C394D4A4C664B6373474E6F7565476F5D5D3E3C2F46726F6D557365724E616D653E0A3C43726561746554696D653E313438373135353131313C2F43726561746554696D653E0A3C4D7367547970653E3C215B43444154415B6576656E745D5D3E3C2F4D7367547970653E0A3C4576656E743E3C215B43444154415B7375627363726962655D5D3E3C2F4576656E743E0A3C4576656E744B65793E3C215B43444154415B5D5D3E3C2F4576656E744B65793E0A3C2F786D6C3E','2017-02-15 18:38:31'),
	(38,'o-jLIwdvqdILL9MJLfKcsGNoueGo','event',X'3C786D6C3E3C546F557365724E616D653E3C215B43444154415B67685F3266613063323566376462345D5D3E3C2F546F557365724E616D653E0A3C46726F6D557365724E616D653E3C215B43444154415B6F2D6A4C497764767164494C4C394D4A4C664B6373474E6F7565476F5D5D3E3C2F46726F6D557365724E616D653E0A3C43726561746554696D653E313438373135363038303C2F43726561746554696D653E0A3C4D7367547970653E3C215B43444154415B6576656E745D5D3E3C2F4D7367547970653E0A3C4576656E743E3C215B43444154415B5343414E5D5D3E3C2F4576656E743E0A3C4576656E744B65793E3C215B43444154415B315D5D3E3C2F4576656E744B65793E0A3C5469636B65743E3C215B43444154415B675148643844774141414141414141414153356F644852774F6938766432567065476C754C6E46784C6D4E76625339784C7A417954446C58574752765630396D4F4445784D4441774D4863774D7A67414167544A576C4A5941775141414141415D5D3E3C2F5469636B65743E0A3C2F786D6C3E','2017-02-15 18:54:40'),
	(39,'o-jLIwdvqdILL9MJLfKcsGNoueGo','text',X'3C786D6C3E3C546F557365724E616D653E3C215B43444154415B67685F3266613063323566376462345D5D3E3C2F546F557365724E616D653E0A3C46726F6D557365724E616D653E3C215B43444154415B6F2D6A4C497764767164494C4C394D4A4C664B6373474E6F7565476F5D5D3E3C2F46726F6D557365724E616D653E0A3C43726561746554696D653E313438373135363038383C2F43726561746554696D653E0A3C4D7367547970653E3C215B43444154415B746578745D5D3E3C2F4D7367547970653E0A3C436F6E74656E743E3C215B43444154415B345D5D3E3C2F436F6E74656E743E0A3C4D736749643E363338373238363736323436303039393538303C2F4D736749643E0A3C2F786D6C3E','2017-02-15 18:54:48'),
	(40,'o-jLIwdvqdILL9MJLfKcsGNoueGo','event',X'3C786D6C3E3C546F557365724E616D653E3C215B43444154415B67685F3266613063323566376462345D5D3E3C2F546F557365724E616D653E0A3C46726F6D557365724E616D653E3C215B43444154415B6F2D6A4C497764767164494C4C394D4A4C664B6373474E6F7565476F5D5D3E3C2F46726F6D557365724E616D653E0A3C43726561746554696D653E313438373135363130323C2F43726561746554696D653E0A3C4D7367547970653E3C215B43444154415B6576656E745D5D3E3C2F4D7367547970653E0A3C4576656E743E3C215B43444154415B5343414E5D5D3E3C2F4576656E743E0A3C4576656E744B65793E3C215B43444154415B315D5D3E3C2F4576656E744B65793E0A3C5469636B65743E3C215B43444154415B675148643844774141414141414141414153356F644852774F6938766432567065476C754C6E46784C6D4E76625339784C7A417954446C58574752765630396D4F4445784D4441774D4863774D7A67414167544A576C4A5941775141414141415D5D3E3C2F5469636B65743E0A3C2F786D6C3E','2017-02-15 18:55:02'),
	(41,'o-jLIwZAo2KAE72dsgFtFCzNRr5E','event',X'3C786D6C3E3C546F557365724E616D653E3C215B43444154415B67685F3266613063323566376462345D5D3E3C2F546F557365724E616D653E0A3C46726F6D557365724E616D653E3C215B43444154415B6F2D6A4C49775A416F324B41453732647367467446437A4E527235455D5D3E3C2F46726F6D557365724E616D653E0A3C43726561746554696D653E313438373135363230353C2F43726561746554696D653E0A3C4D7367547970653E3C215B43444154415B6576656E745D5D3E3C2F4D7367547970653E0A3C4576656E743E3C215B43444154415B756E7375627363726962655D5D3E3C2F4576656E743E0A3C4576656E744B65793E3C215B43444154415B5D5D3E3C2F4576656E744B65793E0A3C2F786D6C3E','2017-02-15 18:56:45'),
	(42,'o-jLIwdvqdILL9MJLfKcsGNoueGo','location',X'3C786D6C3E3C546F557365724E616D653E3C215B43444154415B67685F3266613063323566376462345D5D3E3C2F546F557365724E616D653E0A3C46726F6D557365724E616D653E3C215B43444154415B6F2D6A4C497764767164494C4C394D4A4C664B6373474E6F7565476F5D5D3E3C2F46726F6D557365724E616D653E0A3C43726561746554696D653E313438373135363234333C2F43726561746554696D653E0A3C4D7367547970653E3C215B43444154415B6C6F636174696F6E5D5D3E3C2F4D7367547970653E0A3C4C6F636174696F6E5F583E33312E3232303934303C2F4C6F636174696F6E5F583E0A3C4C6F636174696F6E5F593E3132312E3437383531343C2F4C6F636174696F6E5F593E0A3C5363616C653E31353C2F5363616C653E0A3C4C6162656C3E3C215B43444154415BE4B88AE6B5B7E5B882E9BB84E6B5A6E58CBAE696B0E5A4A9E59CB0E6B58EE58D97E8B7AFE4BC81E4B89AE5A4A9E59CB0E4BA8CE69C9F5D5D3E3C2F4C6162656C3E0A3C4D736749643E363338373238373432383138303033303439333C2F4D736749643E0A3C2F786D6C3E','2017-02-15 18:57:23'),
	(43,'o-jLIwdvqdILL9MJLfKcsGNoueGo','location',X'3C786D6C3E3C546F557365724E616D653E3C215B43444154415B67685F3266613063323566376462345D5D3E3C2F546F557365724E616D653E0A3C46726F6D557365724E616D653E3C215B43444154415B6F2D6A4C497764767164494C4C394D4A4C664B6373474E6F7565476F5D5D3E3C2F46726F6D557365724E616D653E0A3C43726561746554696D653E313438373135363539363C2F43726561746554696D653E0A3C4D7367547970653E3C215B43444154415B6C6F636174696F6E5D5D3E3C2F4D7367547970653E0A3C4C6F636174696F6E5F583E33312E3232303932323C2F4C6F636174696F6E5F583E0A3C4C6F636174696F6E5F593E3132312E3437383430383C2F4C6F636174696F6E5F593E0A3C5363616C653E31353C2F5363616C653E0A3C4C6162656C3E3C215B43444154415BE4B88AE6B5B7E5B882E9BB84E6B5A6E58CBAE696B0E5A4A9E59CB0E6B58EE58D97E8B7AFE4BC81E4B89AE5A4A9E59CB0E4BA8CE69C9F5D5D3E3C2F4C6162656C3E0A3C4D736749643E363338373238383934343330333438363032393C2F4D736749643E0A3C2F786D6C3E','2017-02-15 19:03:17'),
	(44,'o-jLIwdvqdILL9MJLfKcsGNoueGo','location',X'3C786D6C3E3C546F557365724E616D653E3C215B43444154415B67685F3266613063323566376462345D5D3E3C2F546F557365724E616D653E0A3C46726F6D557365724E616D653E3C215B43444154415B6F2D6A4C497764767164494C4C394D4A4C664B6373474E6F7565476F5D5D3E3C2F46726F6D557365724E616D653E0A3C43726561746554696D653E313438373135373037393C2F43726561746554696D653E0A3C4D7367547970653E3C215B43444154415B6C6F636174696F6E5D5D3E3C2F4D7367547970653E0A3C4C6F636174696F6E5F583E33312E3232313936313C2F4C6F636174696F6E5F583E0A3C4C6F636174696F6E5F593E3132312E3437363139323C2F4C6F636174696F6E5F593E0A3C5363616C653E31353C2F5363616C653E0A3C4C6162656C3E3C215B43444154415BE4B88AE6B5B7E5B882E9BB84E6B5A6E58CBAE5A4AAE4BB93E8B7AFE6A2A6E982A828E4B88AE6B5B7E696B0E5A4A9E59CB0E5AE89E8BEBEE4BB95E98592E5BA97E69781295D5D3E3C2F4C6162656C3E0A3C4D736749643E363338373239313031383737323639303035313C2F4D736749643E0A3C2F786D6C3E','2017-02-15 19:11:20'),
	(45,'o-jLIwdvqdILL9MJLfKcsGNoueGo','text',X'3C786D6C3E3C546F557365724E616D653E3C215B43444154415B67685F3266613063323566376462345D5D3E3C2F546F557365724E616D653E0A3C46726F6D557365724E616D653E3C215B43444154415B6F2D6A4C497764767164494C4C394D4A4C664B6373474E6F7565476F5D5D3E3C2F46726F6D557365724E616D653E0A3C43726561746554696D653E313438373136343336323C2F43726561746554696D653E0A3C4D7367547970653E3C215B43444154415B746578745D5D3E3C2F4D7367547970653E0A3C436F6E74656E743E3C215B43444154415B615D5D3E3C2F436F6E74656E743E0A3C4D736749643E363338373332323239393031393530383633353C2F4D736749643E0A3C2F786D6C3E','2017-02-15 21:12:43'),
	(46,'o-jLIwUiVSHu-gB0A7fuWgwYyLdE','event',X'3C786D6C3E3C546F557365724E616D653E3C215B43444154415B67685F3266613063323566376462345D5D3E3C2F546F557365724E616D653E0A3C46726F6D557365724E616D653E3C215B43444154415B6F2D6A4C49775569565348752D6742304137667557677759794C64455D5D3E3C2F46726F6D557365724E616D653E0A3C43726561746554696D653E313438373136363233393C2F43726561746554696D653E0A3C4D7367547970653E3C215B43444154415B6576656E745D5D3E3C2F4D7367547970653E0A3C4576656E743E3C215B43444154415B7375627363726962655D5D3E3C2F4576656E743E0A3C4576656E744B65793E3C215B43444154415B5D5D3E3C2F4576656E744B65793E0A3C2F786D6C3E','2017-02-15 21:43:59'),
	(47,'o-jLIwdvqdILL9MJLfKcsGNoueGo','event',X'3C786D6C3E3C546F557365724E616D653E3C215B43444154415B67685F3266613063323566376462345D5D3E3C2F546F557365724E616D653E0A3C46726F6D557365724E616D653E3C215B43444154415B6F2D6A4C497764767164494C4C394D4A4C664B6373474E6F7565476F5D5D3E3C2F46726F6D557365724E616D653E0A3C43726561746554696D653E313438373136363737323C2F43726561746554696D653E0A3C4D7367547970653E3C215B43444154415B6576656E745D5D3E3C2F4D7367547970653E0A3C4576656E743E3C215B43444154415B434C49434B5D5D3E3C2F4576656E743E0A3C4576656E744B65793E3C215B43444154415B65313438373135333837383731345D5D3E3C2F4576656E744B65793E0A3C2F786D6C3E','2017-02-15 21:52:52'),
	(48,'o-jLIwdvqdILL9MJLfKcsGNoueGo','event',X'3C786D6C3E3C546F557365724E616D653E3C215B43444154415B67685F3266613063323566376462345D5D3E3C2F546F557365724E616D653E0A3C46726F6D557365724E616D653E3C215B43444154415B6F2D6A4C497764767164494C4C394D4A4C664B6373474E6F7565476F5D5D3E3C2F46726F6D557365724E616D653E0A3C43726561746554696D653E313438373136363737393C2F43726561746554696D653E0A3C4D7367547970653E3C215B43444154415B6576656E745D5D3E3C2F4D7367547970653E0A3C4576656E743E3C215B43444154415B434C49434B5D5D3E3C2F4576656E743E0A3C4576656E744B65793E3C215B43444154415B65313438373135333837383731345D5D3E3C2F4576656E744B65793E0A3C2F786D6C3E','2017-02-15 21:52:59'),
	(49,'o-jLIwdvqdILL9MJLfKcsGNoueGo','event',X'3C786D6C3E3C546F557365724E616D653E3C215B43444154415B67685F3266613063323566376462345D5D3E3C2F546F557365724E616D653E0A3C46726F6D557365724E616D653E3C215B43444154415B6F2D6A4C497764767164494C4C394D4A4C664B6373474E6F7565476F5D5D3E3C2F46726F6D557365724E616D653E0A3C43726561746554696D653E313438373136363739363C2F43726561746554696D653E0A3C4D7367547970653E3C215B43444154415B6576656E745D5D3E3C2F4D7367547970653E0A3C4576656E743E3C215B43444154415B434C49434B5D5D3E3C2F4576656E743E0A3C4576656E744B65793E3C215B43444154415B65313438373135333834383330355D5D3E3C2F4576656E744B65793E0A3C2F786D6C3E','2017-02-15 21:53:16'),
	(50,'o-jLIwdvqdILL9MJLfKcsGNoueGo','event',X'3C786D6C3E3C546F557365724E616D653E3C215B43444154415B67685F3266613063323566376462345D5D3E3C2F546F557365724E616D653E0A3C46726F6D557365724E616D653E3C215B43444154415B6F2D6A4C497764767164494C4C394D4A4C664B6373474E6F7565476F5D5D3E3C2F46726F6D557365724E616D653E0A3C43726561746554696D653E313438373136363838343C2F43726561746554696D653E0A3C4D7367547970653E3C215B43444154415B6576656E745D5D3E3C2F4D7367547970653E0A3C4576656E743E3C215B43444154415B434C49434B5D5D3E3C2F4576656E743E0A3C4576656E744B65793E3C215B43444154415B65313438373135333837383731345D5D3E3C2F4576656E744B65793E0A3C2F786D6C3E','2017-02-15 21:54:44'),
	(51,'o-jLIwdvqdILL9MJLfKcsGNoueGo','event',X'3C786D6C3E3C546F557365724E616D653E3C215B43444154415B67685F3266613063323566376462345D5D3E3C2F546F557365724E616D653E0A3C46726F6D557365724E616D653E3C215B43444154415B6F2D6A4C497764767164494C4C394D4A4C664B6373474E6F7565476F5D5D3E3C2F46726F6D557365724E616D653E0A3C43726561746554696D653E313438373136373534363C2F43726561746554696D653E0A3C4D7367547970653E3C215B43444154415B6576656E745D5D3E3C2F4D7367547970653E0A3C4576656E743E3C215B43444154415B434C49434B5D5D3E3C2F4576656E743E0A3C4576656E744B65793E3C215B43444154415B65313438373135333837383731345D5D3E3C2F4576656E744B65793E0A3C2F786D6C3E','2017-02-15 22:05:46'),
	(52,'o-jLIwdvqdILL9MJLfKcsGNoueGo','event',X'3C786D6C3E3C546F557365724E616D653E3C215B43444154415B67685F3266613063323566376462345D5D3E3C2F546F557365724E616D653E0A3C46726F6D557365724E616D653E3C215B43444154415B6F2D6A4C497764767164494C4C394D4A4C664B6373474E6F7565476F5D5D3E3C2F46726F6D557365724E616D653E0A3C43726561746554696D653E313438373136373534393C2F43726561746554696D653E0A3C4D7367547970653E3C215B43444154415B6576656E745D5D3E3C2F4D7367547970653E0A3C4576656E743E3C215B43444154415B564945575D5D3E3C2F4576656E743E0A3C4576656E744B65793E3C215B43444154415B687474703A2F2F6D61702E62616964752E636F6D2F5D5D3E3C2F4576656E744B65793E0A3C4D656E7549643E3435323830343338373C2F4D656E7549643E0A3C2F786D6C3E','2017-02-15 22:05:49'),
	(53,'o-jLIwdvqdILL9MJLfKcsGNoueGo','event',X'3C786D6C3E3C546F557365724E616D653E3C215B43444154415B67685F3266613063323566376462345D5D3E3C2F546F557365724E616D653E0A3C46726F6D557365724E616D653E3C215B43444154415B6F2D6A4C497764767164494C4C394D4A4C664B6373474E6F7565476F5D5D3E3C2F46726F6D557365724E616D653E0A3C43726561746554696D653E313438373136373536303C2F43726561746554696D653E0A3C4D7367547970653E3C215B43444154415B6576656E745D5D3E3C2F4D7367547970653E0A3C4576656E743E3C215B43444154415B6C6F636174696F6E5F73656C6563745D5D3E3C2F4576656E743E0A3C4576656E744B65793E3C215B43444154415B65313438373135333438333239395D5D3E3C2F4576656E744B65793E0A3C53656E644C6F636174696F6E496E666F3E3C4C6F636174696F6E5F583E3C215B43444154415B33312E30393235343237363233313331335D5D3E3C2F4C6F636174696F6E5F583E0A3C4C6F636174696F6E5F593E3C215B43444154415B3132312E343231343236333732303631365D5D3E3C2F4C6F636174696F6E5F593E0A3C5363616C653E3C215B43444154415B31355D5D3E3C2F5363616C653E0A3C4C6162656C3E3C215B43444154415BE4B88AE6B5B7E5B882E997B5E8A18CE58CBAE6A285E99987E99587E69B99E5BBBAE8B7AFE4B8ADE698A5E4B889E6B0B4E88B915D5D3E3C2F4C6162656C3E0A3C506F696E616D653E3C215B43444154415BE997B5E8A18CE58CBAE6A285E99987E99587E69B99E5BBBAE8B7AFE4B8ADE698A5E4B889E6B0B4E88B915D5D3E3C2F506F696E616D653E0A3C2F53656E644C6F636174696F6E496E666F3E0A3C2F786D6C3E','2017-02-15 22:06:00'),
	(54,'o-jLIwdvqdILL9MJLfKcsGNoueGo','location',X'3C786D6C3E3C546F557365724E616D653E3C215B43444154415B67685F3266613063323566376462345D5D3E3C2F546F557365724E616D653E0A3C46726F6D557365724E616D653E3C215B43444154415B6F2D6A4C497764767164494C4C394D4A4C664B6373474E6F7565476F5D5D3E3C2F46726F6D557365724E616D653E0A3C43726561746554696D653E313438373136373536303C2F43726561746554696D653E0A3C4D7367547970653E3C215B43444154415B6C6F636174696F6E5D5D3E3C2F4D7367547970653E0A3C4C6F636174696F6E5F583E33312E3039323534333C2F4C6F636174696F6E5F583E0A3C4C6F636174696F6E5F593E3132312E3432313432363C2F4C6F636174696F6E5F593E0A3C5363616C653E31353C2F5363616C653E0A3C4C6162656C3E3C215B43444154415BE4B88AE6B5B7E5B882E997B5E8A18CE58CBAE6A285E99987E99587E69B99E5BBBAE8B7AFE4B8ADE698A5E4B889E6B0B4E88B915D5D3E3C2F4C6162656C3E0A3C4D736749643E363338373333363033343332343932323630363C2F4D736749643E0A3C2F786D6C3E','2017-02-15 22:06:00'),
	(55,'o-jLIwdvqdILL9MJLfKcsGNoueGo','event',X'3C786D6C3E3C546F557365724E616D653E3C215B43444154415B67685F3266613063323566376462345D5D3E3C2F546F557365724E616D653E0A3C46726F6D557365724E616D653E3C215B43444154415B6F2D6A4C497764767164494C4C394D4A4C664B6373474E6F7565476F5D5D3E3C2F46726F6D557365724E616D653E0A3C43726561746554696D653E313438373136373537313C2F43726561746554696D653E0A3C4D7367547970653E3C215B43444154415B6576656E745D5D3E3C2F4D7367547970653E0A3C4576656E743E3C215B43444154415B434C49434B5D5D3E3C2F4576656E743E0A3C4576656E744B65793E3C215B43444154415B65313438373135333834383330355D5D3E3C2F4576656E744B65793E0A3C2F786D6C3E','2017-02-15 22:06:11'),
	(56,'o-jLIwdvqdILL9MJLfKcsGNoueGo','text',X'3C786D6C3E3C546F557365724E616D653E3C215B43444154415B67685F3266613063323566376462345D5D3E3C2F546F557365724E616D653E0A3C46726F6D557365724E616D653E3C215B43444154415B6F2D6A4C497764767164494C4C394D4A4C664B6373474E6F7565476F5D5D3E3C2F46726F6D557365724E616D653E0A3C43726561746554696D653E313438373136383034363C2F43726561746554696D653E0A3C4D7367547970653E3C215B43444154415B746578745D5D3E3C2F4D7367547970653E0A3C436F6E74656E743E3C215B43444154415B35386134363230353938383335353861343632303539383837625D5D3E3C2F436F6E74656E743E0A3C4D736749643E363338373333383132313637393032383733323C2F4D736749643E0A3C2F786D6C3E','2017-02-15 22:14:06'),
	(57,'o-jLIwdvqdILL9MJLfKcsGNoueGo','text',X'3C786D6C3E3C546F557365724E616D653E3C215B43444154415B67685F3266613063323566376462345D5D3E3C2F546F557365724E616D653E0A3C46726F6D557365724E616D653E3C215B43444154415B6F2D6A4C497764767164494C4C394D4A4C664B6373474E6F7565476F5D5D3E3C2F46726F6D557365724E616D653E0A3C43726561746554696D653E313438373136383130333C2F43726561746554696D653E0A3C4D7367547970653E3C215B43444154415B746578745D5D3E3C2F4D7367547970653E0A3C436F6E74656E743E3C215B43444154415B39353233315D5D3E3C2F436F6E74656E743E0A3C4D736749643E363338373333383336363439323136343633353C2F4D736749643E0A3C2F786D6C3E','2017-02-15 22:15:04'),
	(58,'o-jLIwdvqdILL9MJLfKcsGNoueGo','text',X'3C786D6C3E3C546F557365724E616D653E3C215B43444154415B67685F3266613063323566376462345D5D3E3C2F546F557365724E616D653E0A3C46726F6D557365724E616D653E3C215B43444154415B6F2D6A4C497764767164494C4C394D4A4C664B6373474E6F7565476F5D5D3E3C2F46726F6D557365724E616D653E0A3C43726561746554696D653E313438373136383233333C2F43726561746554696D653E0A3C4D7367547970653E3C215B43444154415B746578745D5D3E3C2F4D7367547970653E0A3C436F6E74656E743E3C215B43444154415B35386134363261393736343863353861343632613937363464315D5D3E3C2F436F6E74656E743E0A3C4D736749643E363338373333383932343833373931333137333C2F4D736749643E0A3C2F786D6C3E','2017-02-15 22:17:13'),
	(59,'o-jLIwdvqdILL9MJLfKcsGNoueGo','text',X'3C786D6C3E3C546F557365724E616D653E3C215B43444154415B67685F3266613063323566376462345D5D3E3C2F546F557365724E616D653E0A3C46726F6D557365724E616D653E3C215B43444154415B6F2D6A4C497764767164494C4C394D4A4C664B6373474E6F7565476F5D5D3E3C2F46726F6D557365724E616D653E0A3C43726561746554696D653E313438373136383236383C2F43726561746554696D653E0A3C4D7367547970653E3C215B43444154415B746578745D5D3E3C2F4D7367547970653E0A3C436F6E74656E743E3C215B43444154415B3635313832385D5D3E3C2F436F6E74656E743E0A3C4D736749643E363338373333393037353136313736383535323C2F4D736749643E0A3C2F786D6C3E','2017-02-15 22:17:48'),
	(60,'o-jLIwQEj_bvPHz114cuwATSbBbY','event',X'3C786D6C3E3C546F557365724E616D653E3C215B43444154415B67685F3266613063323566376462345D5D3E3C2F546F557365724E616D653E0A3C46726F6D557365724E616D653E3C215B43444154415B6F2D6A4C497751456A5F627650487A313134637577415453624262595D5D3E3C2F46726F6D557365724E616D653E0A3C43726561746554696D653E313438373136383237313C2F43726561746554696D653E0A3C4D7367547970653E3C215B43444154415B6576656E745D5D3E3C2F4D7367547970653E0A3C4576656E743E3C215B43444154415B4D41535353454E444A4F4246494E4953485D5D3E3C2F4576656E743E0A3C4D736749443E333134373438333635303C2F4D736749443E0A3C5374617475733E3C215B43444154415B73656E6420737563636573735D5D3E3C2F5374617475733E0A3C546F74616C436F756E743E323C2F546F74616C436F756E743E0A3C46696C746572436F756E743E323C2F46696C746572436F756E743E0A3C53656E74436F756E743E323C2F53656E74436F756E743E0A3C4572726F72436F756E743E303C2F4572726F72436F756E743E0A3C436F70797269676874436865636B526573756C743E3C436F756E743E303C2F436F756E743E0A3C526573756C744C6973743E3C2F526573756C744C6973743E0A3C436865636B53746174653E313C2F436865636B53746174653E0A3C2F436F70797269676874436865636B526573756C743E0A3C2F786D6C3E','2017-02-15 22:17:51'),
	(61,'o-jLIwdvqdILL9MJLfKcsGNoueGo','event',X'3C786D6C3E3C546F557365724E616D653E3C215B43444154415B67685F3266613063323566376462345D5D3E3C2F546F557365724E616D653E0A3C46726F6D557365724E616D653E3C215B43444154415B6F2D6A4C497764767164494C4C394D4A4C664B6373474E6F7565476F5D5D3E3C2F46726F6D557365724E616D653E0A3C43726561746554696D653E313438373137333434373C2F43726561746554696D653E0A3C4D7367547970653E3C215B43444154415B6576656E745D5D3E3C2F4D7367547970653E0A3C4576656E743E3C215B43444154415B434C49434B5D5D3E3C2F4576656E743E0A3C4576656E744B65793E3C215B43444154415B65313438373135333834383330355D5D3E3C2F4576656E744B65793E0A3C2F786D6C3E','2017-02-15 23:44:07'),
	(62,'o-jLIwdvqdILL9MJLfKcsGNoueGo','event',X'3C786D6C3E3C546F557365724E616D653E3C215B43444154415B67685F3266613063323566376462345D5D3E3C2F546F557365724E616D653E0A3C46726F6D557365724E616D653E3C215B43444154415B6F2D6A4C497764767164494C4C394D4A4C664B6373474E6F7565476F5D5D3E3C2F46726F6D557365724E616D653E0A3C43726561746554696D653E313438373231333733363C2F43726561746554696D653E0A3C4D7367547970653E3C215B43444154415B6576656E745D5D3E3C2F4D7367547970653E0A3C4576656E743E3C215B43444154415B756E7375627363726962655D5D3E3C2F4576656E743E0A3C4576656E744B65793E3C215B43444154415B5D5D3E3C2F4576656E744B65793E0A3C2F786D6C3E','2017-02-16 10:55:36'),
	(63,'o-jLIwdvqdILL9MJLfKcsGNoueGo','event',X'3C786D6C3E3C546F557365724E616D653E3C215B43444154415B67685F3266613063323566376462345D5D3E3C2F546F557365724E616D653E0A3C46726F6D557365724E616D653E3C215B43444154415B6F2D6A4C497764767164494C4C394D4A4C664B6373474E6F7565476F5D5D3E3C2F46726F6D557365724E616D653E0A3C43726561746554696D653E313438373231333735313C2F43726561746554696D653E0A3C4D7367547970653E3C215B43444154415B6576656E745D5D3E3C2F4D7367547970653E0A3C4576656E743E3C215B43444154415B7375627363726962655D5D3E3C2F4576656E743E0A3C4576656E744B65793E3C215B43444154415B5D5D3E3C2F4576656E744B65793E0A3C2F786D6C3E','2017-02-16 10:55:51'),
	(64,'o-jLIwdvqdILL9MJLfKcsGNoueGo','event',X'3C786D6C3E3C546F557365724E616D653E3C215B43444154415B67685F3266613063323566376462345D5D3E3C2F546F557365724E616D653E0A3C46726F6D557365724E616D653E3C215B43444154415B6F2D6A4C497764767164494C4C394D4A4C664B6373474E6F7565476F5D5D3E3C2F46726F6D557365724E616D653E0A3C43726561746554696D653E313438373234383139353C2F43726561746554696D653E0A3C4D7367547970653E3C215B43444154415B6576656E745D5D3E3C2F4D7367547970653E0A3C4576656E743E3C215B43444154415B434C49434B5D5D3E3C2F4576656E743E0A3C4576656E744B65793E3C215B43444154415B65313438373135333834383330355D5D3E3C2F4576656E744B65793E0A3C2F786D6C3E','2017-02-16 20:29:55'),
	(65,'o-jLIwdvqdILL9MJLfKcsGNoueGo','text',X'3C786D6C3E3C546F557365724E616D653E3C215B43444154415B67685F3266613063323566376462345D5D3E3C2F546F557365724E616D653E0A3C46726F6D557365724E616D653E3C215B43444154415B6F2D6A4C497764767164494C4C394D4A4C664B6373474E6F7565476F5D5D3E3C2F46726F6D557365724E616D653E0A3C43726561746554696D653E313438373535393932313C2F43726561746554696D653E0A3C4D7367547970653E3C215B43444154415B746578745D5D3E3C2F4D7367547970653E0A3C436F6E74656E743E3C215B43444154415B345D5D3E3C2F436F6E74656E743E0A3C4D736749643E363338393032313231313938383234383733333C2F4D736749643E0A3C2F786D6C3E','2017-02-20 11:05:21'),
	(66,'o-jLIwdvqdILL9MJLfKcsGNoueGo','text',X'3C786D6C3E3C546F557365724E616D653E3C215B43444154415B67685F3266613063323566376462345D5D3E3C2F546F557365724E616D653E0A3C46726F6D557365724E616D653E3C215B43444154415B6F2D6A4C497764767164494C4C394D4A4C664B6373474E6F7565476F5D5D3E3C2F46726F6D557365724E616D653E0A3C43726561746554696D653E313438373535393933303C2F43726561746554696D653E0A3C4D7367547970653E3C215B43444154415B746578745D5D3E3C2F4D7367547970653E0A3C436F6E74656E743E3C215B43444154415B355D5D3E3C2F436F6E74656E743E0A3C4D736749643E363338393032313235303634323935343430303C2F4D736749643E0A3C2F786D6C3E','2017-02-20 11:05:30'),
	(67,'o-jLIwdvqdILL9MJLfKcsGNoueGo','text',X'3C786D6C3E3C546F557365724E616D653E3C215B43444154415B67685F3266613063323566376462345D5D3E3C2F546F557365724E616D653E0A3C46726F6D557365724E616D653E3C215B43444154415B6F2D6A4C497764767164494C4C394D4A4C664B6373474E6F7565476F5D5D3E3C2F46726F6D557365724E616D653E0A3C43726561746554696D653E313438373535393933383C2F43726561746554696D653E0A3C4D7367547970653E3C215B43444154415B746578745D5D3E3C2F4D7367547970653E0A3C436F6E74656E743E3C215B43444154415B35355D5D3E3C2F436F6E74656E743E0A3C4D736749643E363338393032313238353030323639323737303C2F4D736749643E0A3C2F786D6C3E','2017-02-20 11:05:38'),
	(68,'o-jLIwdvqdILL9MJLfKcsGNoueGo','text',X'3C786D6C3E3C546F557365724E616D653E3C215B43444154415B67685F3266613063323566376462345D5D3E3C2F546F557365724E616D653E0A3C46726F6D557365724E616D653E3C215B43444154415B6F2D6A4C497764767164494C4C394D4A4C664B6373474E6F7565476F5D5D3E3C2F46726F6D557365724E616D653E0A3C43726561746554696D653E313438373535393935343C2F43726561746554696D653E0A3C4D7367547970653E3C215B43444154415B746578745D5D3E3C2F4D7367547970653E0A3C436F6E74656E743E3C215B43444154415B32325D5D3E3C2F436F6E74656E743E0A3C4D736749643E363338393032313335333732323136393531303C2F4D736749643E0A3C2F786D6C3E','2017-02-20 11:05:55'),
	(69,'o-jLIwdvqdILL9MJLfKcsGNoueGo','text',X'3C786D6C3E3C546F557365724E616D653E3C215B43444154415B67685F3266613063323566376462345D5D3E3C2F546F557365724E616D653E0A3C46726F6D557365724E616D653E3C215B43444154415B6F2D6A4C497764767164494C4C394D4A4C664B6373474E6F7565476F5D5D3E3C2F46726F6D557365724E616D653E0A3C43726561746554696D653E313438373535393936323C2F43726561746554696D653E0A3C4D7367547970653E3C215B43444154415B746578745D5D3E3C2F4D7367547970653E0A3C436F6E74656E743E3C215B43444154415B36365D5D3E3C2F436F6E74656E743E0A3C4D736749643E363338393032313338383038313930373837393C2F4D736749643E0A3C2F786D6C3E','2017-02-20 11:06:02'),
	(70,'o-jLIwdvqdILL9MJLfKcsGNoueGo','text',X'3C786D6C3E3C546F557365724E616D653E3C215B43444154415B67685F3266613063323566376462345D5D3E3C2F546F557365724E616D653E0A3C46726F6D557365724E616D653E3C215B43444154415B6F2D6A4C497764767164494C4C394D4A4C664B6373474E6F7565476F5D5D3E3C2F46726F6D557365724E616D653E0A3C43726561746554696D653E313438373535393936393C2F43726561746554696D653E0A3C4D7367547970653E3C215B43444154415B746578745D5D3E3C2F4D7367547970653E0A3C436F6E74656E743E3C215B43444154415B395D5D3E3C2F436F6E74656E743E0A3C4D736749643E363338393032313431383134363637383935343C2F4D736749643E0A3C2F786D6C3E','2017-02-20 11:06:09'),
	(71,'o-jLIwdvqdILL9MJLfKcsGNoueGo','text',X'3C786D6C3E3C546F557365724E616D653E3C215B43444154415B67685F3266613063323566376462345D5D3E3C2F546F557365724E616D653E0A3C46726F6D557365724E616D653E3C215B43444154415B6F2D6A4C497764767164494C4C394D4A4C664B6373474E6F7565476F5D5D3E3C2F46726F6D557365724E616D653E0A3C43726561746554696D653E313438373535393937363C2F43726561746554696D653E0A3C4D7367547970653E3C215B43444154415B746578745D5D3E3C2F4D7367547970653E0A3C436F6E74656E743E3C215B43444154415B365D5D3E3C2F436F6E74656E743E0A3C4D736749643E363338393032313434383231313435303032373C2F4D736749643E0A3C2F786D6C3E','2017-02-20 11:06:16'),
	(72,'o-jLIwdvqdILL9MJLfKcsGNoueGo','text',X'3C786D6C3E3C546F557365724E616D653E3C215B43444154415B67685F3266613063323566376462345D5D3E3C2F546F557365724E616D653E0A3C46726F6D557365724E616D653E3C215B43444154415B6F2D6A4C497764767164494C4C394D4A4C664B6373474E6F7565476F5D5D3E3C2F46726F6D557365724E616D653E0A3C43726561746554696D653E313438383237333436343C2F43726561746554696D653E0A3C4D7367547970653E3C215B43444154415B746578745D5D3E3C2F4D7367547970653E0A3C436F6E74656E743E3C215B43444154415B315D5D3E3C2F436F6E74656E743E0A3C4D736749643E363339323038353835353833373731323339383C2F4D736749643E0A3C2F786D6C3E','2017-02-28 17:17:44'),
	(73,'o-jLIwdvqdILL9MJLfKcsGNoueGo','event',X'3C786D6C3E3C546F557365724E616D653E3C215B43444154415B67685F3266613063323566376462345D5D3E3C2F546F557365724E616D653E0A3C46726F6D557365724E616D653E3C215B43444154415B6F2D6A4C497764767164494C4C394D4A4C664B6373474E6F7565476F5D5D3E3C2F46726F6D557365724E616D653E0A3C43726561746554696D653E313438383237333639353C2F43726561746554696D653E0A3C4D7367547970653E3C215B43444154415B6576656E745D5D3E3C2F4D7367547970653E0A3C4576656E743E3C215B43444154415B434C49434B5D5D3E3C2F4576656E743E0A3C4576656E744B65793E3C215B43444154415B65313438373135333834383330355D5D3E3C2F4576656E744B65793E0A3C2F786D6C3E','2017-02-28 17:21:35'),
	(74,'o-jLIwdvqdILL9MJLfKcsGNoueGo','event',X'3C786D6C3E3C546F557365724E616D653E3C215B43444154415B67685F3266613063323566376462345D5D3E3C2F546F557365724E616D653E0A3C46726F6D557365724E616D653E3C215B43444154415B6F2D6A4C497764767164494C4C394D4A4C664B6373474E6F7565476F5D5D3E3C2F46726F6D557365724E616D653E0A3C43726561746554696D653E313438383237333832323C2F43726561746554696D653E0A3C4D7367547970653E3C215B43444154415B6576656E745D5D3E3C2F4D7367547970653E0A3C4576656E743E3C215B43444154415B434C49434B5D5D3E3C2F4576656E743E0A3C4576656E744B65793E3C215B43444154415B65313438373135333834383330355D5D3E3C2F4576656E744B65793E0A3C2F786D6C3E','2017-02-28 17:23:42'),
	(75,'o-jLIwdvqdILL9MJLfKcsGNoueGo','event',X'3C786D6C3E3C546F557365724E616D653E3C215B43444154415B67685F3266613063323566376462345D5D3E3C2F546F557365724E616D653E0A3C46726F6D557365724E616D653E3C215B43444154415B6F2D6A4C497764767164494C4C394D4A4C664B6373474E6F7565476F5D5D3E3C2F46726F6D557365724E616D653E0A3C43726561746554696D653E313438383237333832353C2F43726561746554696D653E0A3C4D7367547970653E3C215B43444154415B6576656E745D5D3E3C2F4D7367547970653E0A3C4576656E743E3C215B43444154415B434C49434B5D5D3E3C2F4576656E743E0A3C4576656E744B65793E3C215B43444154415B65313438373332383230343235395D5D3E3C2F4576656E744B65793E0A3C2F786D6C3E','2017-02-28 17:23:45'),
	(76,'o-jLIwdvqdILL9MJLfKcsGNoueGo','event',X'3C786D6C3E3C546F557365724E616D653E3C215B43444154415B67685F3266613063323566376462345D5D3E3C2F546F557365724E616D653E0A3C46726F6D557365724E616D653E3C215B43444154415B6F2D6A4C497764767164494C4C394D4A4C664B6373474E6F7565476F5D5D3E3C2F46726F6D557365724E616D653E0A3C43726561746554696D653E313438383237333833333C2F43726561746554696D653E0A3C4D7367547970653E3C215B43444154415B6576656E745D5D3E3C2F4D7367547970653E0A3C4576656E743E3C215B43444154415B564945575D5D3E3C2F4576656E743E0A3C4576656E744B65793E3C215B43444154415B687474703A2F2F6D61702E62616964752E636F6D2F5D5D3E3C2F4576656E744B65793E0A3C4D656E7549643E3435333037393136373C2F4D656E7549643E0A3C2F786D6C3E','2017-02-28 17:23:53'),
	(77,'o-jLIwdvqdILL9MJLfKcsGNoueGo','text',X'3C786D6C3E3C546F557365724E616D653E3C215B43444154415B67685F3266613063323566376462345D5D3E3C2F546F557365724E616D653E0A3C46726F6D557365724E616D653E3C215B43444154415B6F2D6A4C497764767164494C4C394D4A4C664B6373474E6F7565476F5D5D3E3C2F46726F6D557365724E616D653E0A3C43726561746554696D653E313438383237333930373C2F43726561746554696D653E0A3C4D7367547970653E3C215B43444154415B746578745D5D3E3C2F4D7367547970653E0A3C436F6E74656E743E3C215B43444154415B315D5D3E3C2F436F6E74656E743E0A3C4D736749643E363339323038373735383530383232343731373C2F4D736749643E0A3C2F786D6C3E','2017-02-28 17:25:07'),
	(78,'o-jLIwdvqdILL9MJLfKcsGNoueGo','text',X'3C786D6C3E3C546F557365724E616D653E3C215B43444154415B67685F3266613063323566376462345D5D3E3C2F546F557365724E616D653E0A3C46726F6D557365724E616D653E3C215B43444154415B6F2D6A4C497764767164494C4C394D4A4C664B6373474E6F7565476F5D5D3E3C2F46726F6D557365724E616D653E0A3C43726561746554696D653E313438383237343735323C2F43726561746554696D653E0A3C4D7367547970653E3C215B43444154415B746578745D5D3E3C2F4D7367547970653E0A3C436F6E74656E743E3C215B43444154415B315D5D3E3C2F436F6E74656E743E0A3C4D736749643E363339323039313338373735353539303130373C2F4D736749643E0A3C2F786D6C3E','2017-02-28 17:39:12'),
	(79,'o-jLIwdvqdILL9MJLfKcsGNoueGo','event',X'3C786D6C3E3C546F557365724E616D653E3C215B43444154415B67685F3266613063323566376462345D5D3E3C2F546F557365724E616D653E0A3C46726F6D557365724E616D653E3C215B43444154415B6F2D6A4C497764767164494C4C394D4A4C664B6373474E6F7565476F5D5D3E3C2F46726F6D557365724E616D653E0A3C43726561746554696D653E313438383237343738323C2F43726561746554696D653E0A3C4D7367547970653E3C215B43444154415B6576656E745D5D3E3C2F4D7367547970653E0A3C4576656E743E3C215B43444154415B5343414E5D5D3E3C2F4576656E743E0A3C4576656E744B65793E3C215B43444154415B315D5D3E3C2F4576656E744B65793E0A3C5469636B65743E3C215B43444154415B675148643844774141414141414141414153356F644852774F6938766432567065476C754C6E46784C6D4E76625339784C7A417954446C58574752765630396D4F4445784D4441774D4863774D7A67414167544A576C4A5941775141414141415D5D3E3C2F5469636B65743E0A3C2F786D6C3E','2017-02-28 17:39:43'),
	(80,'o-jLIwdvqdILL9MJLfKcsGNoueGo','event',X'3C786D6C3E3C546F557365724E616D653E3C215B43444154415B67685F3266613063323566376462345D5D3E3C2F546F557365724E616D653E0A3C46726F6D557365724E616D653E3C215B43444154415B6F2D6A4C497764767164494C4C394D4A4C664B6373474E6F7565476F5D5D3E3C2F46726F6D557365724E616D653E0A3C43726561746554696D653E313438383237343835323C2F43726561746554696D653E0A3C4D7367547970653E3C215B43444154415B6576656E745D5D3E3C2F4D7367547970653E0A3C4576656E743E3C215B43444154415B756E7375627363726962655D5D3E3C2F4576656E743E0A3C4576656E744B65793E3C215B43444154415B5D5D3E3C2F4576656E744B65793E0A3C2F786D6C3E','2017-02-28 17:40:52'),
	(81,'o-jLIwdvqdILL9MJLfKcsGNoueGo','event',X'3C786D6C3E3C546F557365724E616D653E3C215B43444154415B67685F3266613063323566376462345D5D3E3C2F546F557365724E616D653E0A3C46726F6D557365724E616D653E3C215B43444154415B6F2D6A4C497764767164494C4C394D4A4C664B6373474E6F7565476F5D5D3E3C2F46726F6D557365724E616D653E0A3C43726561746554696D653E313438383237343835383C2F43726561746554696D653E0A3C4D7367547970653E3C215B43444154415B6576656E745D5D3E3C2F4D7367547970653E0A3C4576656E743E3C215B43444154415B7375627363726962655D5D3E3C2F4576656E743E0A3C4576656E744B65793E3C215B43444154415B5D5D3E3C2F4576656E744B65793E0A3C2F786D6C3E','2017-02-28 17:40:58'),
	(82,'o-jLIwdvqdILL9MJLfKcsGNoueGo','event',X'3C786D6C3E3C546F557365724E616D653E3C215B43444154415B67685F3266613063323566376462345D5D3E3C2F546F557365724E616D653E0A3C46726F6D557365724E616D653E3C215B43444154415B6F2D6A4C497764767164494C4C394D4A4C664B6373474E6F7565476F5D5D3E3C2F46726F6D557365724E616D653E0A3C43726561746554696D653E313438383237343839383C2F43726561746554696D653E0A3C4D7367547970653E3C215B43444154415B6576656E745D5D3E3C2F4D7367547970653E0A3C4576656E743E3C215B43444154415B434C49434B5D5D3E3C2F4576656E743E0A3C4576656E744B65793E3C215B43444154415B65313438373135333834383330355D5D3E3C2F4576656E744B65793E0A3C2F786D6C3E','2017-02-28 17:41:38'),
	(83,'o-jLIwdvqdILL9MJLfKcsGNoueGo','event',X'3C786D6C3E3C546F557365724E616D653E3C215B43444154415B67685F3266613063323566376462345D5D3E3C2F546F557365724E616D653E0A3C46726F6D557365724E616D653E3C215B43444154415B6F2D6A4C497764767164494C4C394D4A4C664B6373474E6F7565476F5D5D3E3C2F46726F6D557365724E616D653E0A3C43726561746554696D653E313438383237343936353C2F43726561746554696D653E0A3C4D7367547970653E3C215B43444154415B6576656E745D5D3E3C2F4D7367547970653E0A3C4576656E743E3C215B43444154415B756E7375627363726962655D5D3E3C2F4576656E743E0A3C4576656E744B65793E3C215B43444154415B5D5D3E3C2F4576656E744B65793E0A3C2F786D6C3E','2017-02-28 17:42:46'),
	(84,'o-jLIwdvqdILL9MJLfKcsGNoueGo','event',X'3C786D6C3E3C546F557365724E616D653E3C215B43444154415B67685F3266613063323566376462345D5D3E3C2F546F557365724E616D653E0A3C46726F6D557365724E616D653E3C215B43444154415B6F2D6A4C497764767164494C4C394D4A4C664B6373474E6F7565476F5D5D3E3C2F46726F6D557365724E616D653E0A3C43726561746554696D653E313438383237343936393C2F43726561746554696D653E0A3C4D7367547970653E3C215B43444154415B6576656E745D5D3E3C2F4D7367547970653E0A3C4576656E743E3C215B43444154415B7375627363726962655D5D3E3C2F4576656E743E0A3C4576656E744B65793E3C215B43444154415B5D5D3E3C2F4576656E744B65793E0A3C2F786D6C3E','2017-02-28 17:42:49'),
	(85,'o-jLIwdvqdILL9MJLfKcsGNoueGo','event',X'3C786D6C3E3C546F557365724E616D653E3C215B43444154415B67685F3266613063323566376462345D5D3E3C2F546F557365724E616D653E0A3C46726F6D557365724E616D653E3C215B43444154415B6F2D6A4C497764767164494C4C394D4A4C664B6373474E6F7565476F5D5D3E3C2F46726F6D557365724E616D653E0A3C43726561746554696D653E313438383237353135333C2F43726561746554696D653E0A3C4D7367547970653E3C215B43444154415B6576656E745D5D3E3C2F4D7367547970653E0A3C4576656E743E3C215B43444154415B5343414E5D5D3E3C2F4576656E743E0A3C4576656E744B65793E3C215B43444154415B325D5D3E3C2F4576656E744B65793E0A3C5469636B65743E3C215B43444154415B67514865377A774141414141414141414153356F644852774F6938766432567065476C754C6E46784C6D4E76625339784C7A4179596E6C3557474E705630396D4F4445784D4441774D4763774D336341416752514B6C705941775141414141415D5D3E3C2F5469636B65743E0A3C2F786D6C3E','2017-02-28 17:45:53'),
	(86,'o-jLIwdvqdILL9MJLfKcsGNoueGo','event',X'3C786D6C3E3C546F557365724E616D653E3C215B43444154415B67685F3266613063323566376462345D5D3E3C2F546F557365724E616D653E0A3C46726F6D557365724E616D653E3C215B43444154415B6F2D6A4C497764767164494C4C394D4A4C664B6373474E6F7565476F5D5D3E3C2F46726F6D557365724E616D653E0A3C43726561746554696D653E313438383237353136383C2F43726561746554696D653E0A3C4D7367547970653E3C215B43444154415B6576656E745D5D3E3C2F4D7367547970653E0A3C4576656E743E3C215B43444154415B5343414E5D5D3E3C2F4576656E743E0A3C4576656E744B65793E3C215B43444154415B325D5D3E3C2F4576656E744B65793E0A3C5469636B65743E3C215B43444154415B67514865377A774141414141414141414153356F644852774F6938766432567065476C754C6E46784C6D4E76625339784C7A4179596E6C3557474E705630396D4F4445784D4441774D4763774D336341416752514B6C705941775141414141415D5D3E3C2F5469636B65743E0A3C2F786D6C3E','2017-02-28 17:46:08'),
	(87,'o-jLIwdvqdILL9MJLfKcsGNoueGo','event',X'3C786D6C3E3C546F557365724E616D653E3C215B43444154415B67685F3266613063323566376462345D5D3E3C2F546F557365724E616D653E0A3C46726F6D557365724E616D653E3C215B43444154415B6F2D6A4C497764767164494C4C394D4A4C664B6373474E6F7565476F5D5D3E3C2F46726F6D557365724E616D653E0A3C43726561746554696D653E313438383237353138343C2F43726561746554696D653E0A3C4D7367547970653E3C215B43444154415B6576656E745D5D3E3C2F4D7367547970653E0A3C4576656E743E3C215B43444154415B434C49434B5D5D3E3C2F4576656E743E0A3C4576656E744B65793E3C215B43444154415B65313438383237343834333237375D5D3E3C2F4576656E744B65793E0A3C2F786D6C3E','2017-02-28 17:46:24'),
	(88,'o-jLIwdvqdILL9MJLfKcsGNoueGo','event',X'3C786D6C3E3C546F557365724E616D653E3C215B43444154415B67685F3266613063323566376462345D5D3E3C2F546F557365724E616D653E0A3C46726F6D557365724E616D653E3C215B43444154415B6F2D6A4C497764767164494C4C394D4A4C664B6373474E6F7565476F5D5D3E3C2F46726F6D557365724E616D653E0A3C43726561746554696D653E313438383237353537393C2F43726561746554696D653E0A3C4D7367547970653E3C215B43444154415B6576656E745D5D3E3C2F4D7367547970653E0A3C4576656E743E3C215B43444154415B5343414E5D5D3E3C2F4576656E743E0A3C4576656E744B65793E3C215B43444154415B315D5D3E3C2F4576656E744B65793E0A3C5469636B65743E3C215B43444154415B675148643844774141414141414141414153356F644852774F6938766432567065476C754C6E46784C6D4E76625339784C7A417954446C58574752765630396D4F4445784D4441774D4863774D7A67414167544A576C4A5941775141414141415D5D3E3C2F5469636B65743E0A3C2F786D6C3E','2017-02-28 17:52:59'),
	(89,'o-jLIwdvqdILL9MJLfKcsGNoueGo','event',X'3C786D6C3E3C546F557365724E616D653E3C215B43444154415B67685F3266613063323566376462345D5D3E3C2F546F557365724E616D653E0A3C46726F6D557365724E616D653E3C215B43444154415B6F2D6A4C497764767164494C4C394D4A4C664B6373474E6F7565476F5D5D3E3C2F46726F6D557365724E616D653E0A3C43726561746554696D653E313438383238373232373C2F43726561746554696D653E0A3C4D7367547970653E3C215B43444154415B6576656E745D5D3E3C2F4D7367547970653E0A3C4576656E743E3C215B43444154415B434C49434B5D5D3E3C2F4576656E743E0A3C4576656E744B65793E3C215B43444154415B65313438383237343834333237375D5D3E3C2F4576656E744B65793E0A3C2F786D6C3E','2017-02-28 21:07:07'),
	(90,'o-jLIwdvqdILL9MJLfKcsGNoueGo','text',X'3C786D6C3E3C546F557365724E616D653E3C215B43444154415B67685F3266613063323566376462345D5D3E3C2F546F557365724E616D653E0A3C46726F6D557365724E616D653E3C215B43444154415B6F2D6A4C497764767164494C4C394D4A4C664B6373474E6F7565476F5D5D3E3C2F46726F6D557365724E616D653E0A3C43726561746554696D653E313438383238373233323C2F43726561746554696D653E0A3C4D7367547970653E3C215B43444154415B746578745D5D3E3C2F4D7367547970653E0A3C436F6E74656E743E3C215B43444154415B2F3A3A445D5D3E3C2F436F6E74656E743E0A3C4D736749643E363339323134343938383934373434383238313C2F4D736749643E0A3C2F786D6C3E','2017-02-28 21:07:12'),
	(91,'o-jLIwdvqdILL9MJLfKcsGNoueGo','event',X'3C786D6C3E3C546F557365724E616D653E3C215B43444154415B67685F3266613063323566376462345D5D3E3C2F546F557365724E616D653E0A3C46726F6D557365724E616D653E3C215B43444154415B6F2D6A4C497764767164494C4C394D4A4C664B6373474E6F7565476F5D5D3E3C2F46726F6D557365724E616D653E0A3C43726561746554696D653E313438383434393031323C2F43726561746554696D653E0A3C4D7367547970653E3C215B43444154415B6576656E745D5D3E3C2F4D7367547970653E0A3C4576656E743E3C215B43444154415B434C49434B5D5D3E3C2F4576656E743E0A3C4576656E744B65793E3C215B43444154415B65313438383237343834333237375D5D3E3C2F4576656E744B65793E0A3C2F786D6C3E','2017-03-02 18:03:32'),
	(92,'o-jLIwdvqdILL9MJLfKcsGNoueGo','location',X'3C786D6C3E3C546F557365724E616D653E3C215B43444154415B67685F3266613063323566376462345D5D3E3C2F546F557365724E616D653E0A3C46726F6D557365724E616D653E3C215B43444154415B6F2D6A4C497764767164494C4C394D4A4C664B6373474E6F7565476F5D5D3E3C2F46726F6D557365724E616D653E0A3C43726561746554696D653E313438383434393031363C2F43726561746554696D653E0A3C4D7367547970653E3C215B43444154415B6C6F636174696F6E5D5D3E3C2F4D7367547970653E0A3C4C6F636174696F6E5F583E33312E3233343030353C2F4C6F636174696F6E5F583E0A3C4C6F636174696F6E5F593E3132312E3338393239323C2F4C6F636174696F6E5F593E0A3C5363616C653E31353C2F5363616C653E0A3C4C6162656C3E3C215B43444154415BE4B88AE6B5B7E5B882E699AEE99980E58CBAE995BFE5BE81E99587E6B3B8E5AE9AE8B7AFE4B88AE6B5B7E5A4A9E59CB0E8BDAFE4BBB6E59BADE697815D5D3E3C2F4C6162656C3E0A3C4D736749643E363339323833393834353933363439373731363C2F4D736749643E0A3C2F786D6C3E','2017-03-02 18:03:37'),
	(93,'o-jLIwfXQPRWQy4nSQcGSZGRDl4k','image',X'3C786D6C3E3C546F557365724E616D653E3C215B43444154415B67685F3266613063323566376462345D5D3E3C2F546F557365724E616D653E0A3C46726F6D557365724E616D653E3C215B43444154415B6F2D6A4C49776658515052575179346E53516347535A4752446C346B5D5D3E3C2F46726F6D557365724E616D653E0A3C43726561746554696D653E313438383533313837383C2F43726561746554696D653E0A3C4D7367547970653E3C215B43444154415B696D6167655D5D3E3C2F4D7367547970653E0A3C50696355726C3E3C215B43444154415B687474703A2F2F6D6D62697A2E717069632E636E2F6D6D62697A5F6A70672F434E76325471304736356A4C4171783936307379597955327477517A6C393236584C31387645593434674879364834644B35347677324B4C4A7462454363677333435331346D6E766F61776D6A4B69616A733662516963412F305D5D3E3C2F50696355726C3E0A3C4D736749643E363339333139353733353531363539363738363C2F4D736749643E0A3C4D6564696149643E3C215B43444154415B78316E436A5F69596F3241366E4575734E6A4471707A626545473145493146395672747857462D5A782D4C484A3935526963547874714C664C6F523246656D735D5D3E3C2F4D6564696149643E0A3C2F786D6C3E','2017-03-03 17:04:38'),
	(94,'o-jLIwfXQPRWQy4nSQcGSZGRDl4k','location',X'3C786D6C3E3C546F557365724E616D653E3C215B43444154415B67685F3266613063323566376462345D5D3E3C2F546F557365724E616D653E0A3C46726F6D557365724E616D653E3C215B43444154415B6F2D6A4C49776658515052575179346E53516347535A4752446C346B5D5D3E3C2F46726F6D557365724E616D653E0A3C43726561746554696D653E313438383533313930353C2F43726561746554696D653E0A3C4D7367547970653E3C215B43444154415B6C6F636174696F6E5D5D3E3C2F4D7367547970653E0A3C4C6F636174696F6E5F583E33312E3232303932323C2F4C6F636174696F6E5F583E0A3C4C6F636174696F6E5F593E3132312E3437383439333C2F4C6F636174696F6E5F593E0A3C5363616C653E31353C2F5363616C653E0A3C4C6162656C3E3C215B43444154415BE4B88AE6B5B7E5B882E9BB84E6B5A6E58CBAE696B0E5A4A9E59CB0E6B58EE58D97E8B7AFE4BC81E4B89AE5A4A9E59CB0E4BA8CE69C9F5D5D3E3C2F4C6162656C3E0A3C4D736749643E363339333139353835313438303731333738353C2F4D736749643E0A3C2F786D6C3E','2017-03-03 17:05:05'),
	(95,'o-jLIwfXQPRWQy4nSQcGSZGRDl4k','text',X'3C786D6C3E3C546F557365724E616D653E3C215B43444154415B67685F3266613063323566376462345D5D3E3C2F546F557365724E616D653E0A3C46726F6D557365724E616D653E3C215B43444154415B6F2D6A4C49776658515052575179346E53516347535A4752446C346B5D5D3E3C2F46726F6D557365724E616D653E0A3C43726561746554696D653E313438383533313936333C2F43726561746554696D653E0A3C4D7367547970653E3C215B43444154415B746578745D5D3E3C2F4D7367547970653E0A3C436F6E74656E743E3C215B43444154415B6F5D5D3E3C2F436F6E74656E743E0A3C4D736749643E363339333139363130303538383831363936373C2F4D736749643E0A3C2F786D6C3E','2017-03-03 17:06:03'),
	(96,'o-jLIwfXQPRWQy4nSQcGSZGRDl4k','voice',X'3C786D6C3E3C546F557365724E616D653E3C215B43444154415B67685F3266613063323566376462345D5D3E3C2F546F557365724E616D653E0A3C46726F6D557365724E616D653E3C215B43444154415B6F2D6A4C49776658515052575179346E53516347535A4752446C346B5D5D3E3C2F46726F6D557365724E616D653E0A3C43726561746554696D653E313438383533313936383C2F43726561746554696D653E0A3C4D7367547970653E3C215B43444154415B766F6963655D5D3E3C2F4D7367547970653E0A3C4D6564696149643E3C215B43444154415B4962796734786A706D346573584B6837635A4D6E56557547656D673630716A6764374C45794D3030346F3637626F332D726B4F39616C65486F336841495F31305D5D3E3C2F4D6564696149643E0A3C466F726D61743E3C215B43444154415B616D725D5D3E3C2F466F726D61743E0A3C4D736749643E363339333139363132323036333635333434383C2F4D736749643E0A3C5265636F676E6974696F6E3E3C215B43444154415B5D5D3E3C2F5265636F676E6974696F6E3E0A3C2F786D6C3E','2017-03-03 17:06:09'),
	(97,'o-jLIwfXQPRWQy4nSQcGSZGRDl4k','event',X'3C786D6C3E3C546F557365724E616D653E3C215B43444154415B67685F3266613063323566376462345D5D3E3C2F546F557365724E616D653E0A3C46726F6D557365724E616D653E3C215B43444154415B6F2D6A4C49776658515052575179346E53516347535A4752446C346B5D5D3E3C2F46726F6D557365724E616D653E0A3C43726561746554696D653E313438383533323033363C2F43726561746554696D653E0A3C4D7367547970653E3C215B43444154415B6576656E745D5D3E3C2F4D7367547970653E0A3C4576656E743E3C215B43444154415B434C49434B5D5D3E3C2F4576656E743E0A3C4576656E744B65793E3C215B43444154415B65313438373332383230343235395D5D3E3C2F4576656E744B65793E0A3C2F786D6C3E','2017-03-03 17:07:16');

/*!40000 ALTER TABLE `wechat_getmsglog` ENABLE KEYS */;
UNLOCK TABLES;


# Dump of table wechat_jssdk
# ------------------------------------------------------------

DROP TABLE IF EXISTS `wechat_jssdk`;

CREATE TABLE `wechat_jssdk` (
  `id` int(11) NOT NULL AUTO_INCREMENT,
  `name` varchar(50) NOT NULL,
  `domain` varchar(50) NOT NULL,
  `editorid` int(11) NOT NULL,
  `jsfilename` varchar(50) NOT NULL,
  `jscontent` longtext NOT NULL,
  `createTime` timestamp NOT NULL DEFAULT CURRENT_TIMESTAMP,
  PRIMARY KEY (`id`),
  KEY `wechat_jssdk_eid` (`editorid`),
  CONSTRAINT `wechat_jssdk_id` FOREIGN KEY (`editorid`) REFERENCES `wechat_admin` (`id`) ON DELETE CASCADE
) ENGINE=InnoDB DEFAULT CHARSET=utf8;

LOCK TABLES `wechat_jssdk` WRITE;
/*!40000 ALTER TABLE `wechat_jssdk` DISABLE KEYS */;

INSERT INTO `wechat_jssdk` (`id`, `name`, `domain`, `editorid`, `jsfilename`, `jscontent`, `createTime`)
VALUES
	(1,'sa','dirc.samesamechina.com',1,'32e4da16-581d-42bf-8127-58986a90ae76','','2017-02-10 18:26:29');

/*!40000 ALTER TABLE `wechat_jssdk` ENABLE KEYS */;
UNLOCK TABLES;


# Dump of table wechat_keyword_tag
# ------------------------------------------------------------

DROP TABLE IF EXISTS `wechat_keyword_tag`;

CREATE TABLE `wechat_keyword_tag` (
  `id` int(11) NOT NULL AUTO_INCREMENT,
  `menuId` varchar(50) NOT NULL,
  `Tagname` varchar(50) NOT NULL,
  `createTime` timestamp NOT NULL DEFAULT CURRENT_TIMESTAMP,
  PRIMARY KEY (`id`)
) ENGINE=InnoDB DEFAULT CHARSET=utf8;

LOCK TABLES `wechat_keyword_tag` WRITE;
/*!40000 ALTER TABLE `wechat_keyword_tag` DISABLE KEYS */;

INSERT INTO `wechat_keyword_tag` (`id`, `menuId`, `Tagname`, `createTime`)
VALUES
	(2,'tag58a2c2250a261','aaa','2017-02-14 16:40:08'),
	(4,'tag58a4269b3eb9d','a','2017-02-15 18:09:26'),
	(6,'tag58b5418c33619','test','2017-02-28 17:39:01');

/*!40000 ALTER TABLE `wechat_keyword_tag` ENABLE KEYS */;
UNLOCK TABLES;


# Dump of table wechat_material
# ------------------------------------------------------------

DROP TABLE IF EXISTS `wechat_material`;

CREATE TABLE `wechat_material` (
  `id` int(11) NOT NULL AUTO_INCREMENT,
  `media_id` varchar(255) DEFAULT NULL,
  `update_time` int(11) DEFAULT NULL,
  PRIMARY KEY (`id`),
  UNIQUE KEY `material_media_id` (`media_id`)
) ENGINE=InnoDB DEFAULT CHARSET=utf8;

LOCK TABLES `wechat_material` WRITE;
/*!40000 ALTER TABLE `wechat_material` DISABLE KEYS */;

INSERT INTO `wechat_material` (`id`, `media_id`, `update_time`)
VALUES
	(6,'NnqC8U1jDp3UP6wekfqfBFMCFDx-Df3HO0L5gvy7bp8',1481553880),
	(7,'NnqC8U1jDp3UP6wekfqfBOlfAjr_p4t76YcNXvlaFQQ',1487168269);

/*!40000 ALTER TABLE `wechat_material` ENABLE KEYS */;
UNLOCK TABLES;


# Dump of table wechat_material_news
# ------------------------------------------------------------

DROP TABLE IF EXISTS `wechat_material_news`;

CREATE TABLE `wechat_material_news` (
  `id` int(11) NOT NULL AUTO_INCREMENT,
  `media_id` varchar(255) DEFAULT NULL,
  `title` blob NOT NULL,
  `thumb_media_id` varchar(255) DEFAULT NULL,
  `show_cover_pic` varchar(400) DEFAULT NULL,
  `author` varchar(400) DEFAULT NULL,
  `digest` blob NOT NULL,
  `url` varchar(400) DEFAULT NULL,
  `content_source_url` varchar(400) DEFAULT NULL,
  `thumb_url` varchar(400) DEFAULT NULL,
  PRIMARY KEY (`id`),
  KEY `news_media_id` (`media_id`),
  CONSTRAINT `news_media_id` FOREIGN KEY (`media_id`) REFERENCES `wechat_material` (`media_id`) ON DELETE CASCADE
) ENGINE=InnoDB DEFAULT CHARSET=utf8;

LOCK TABLES `wechat_material_news` WRITE;
/*!40000 ALTER TABLE `wechat_material_news` DISABLE KEYS */;

INSERT INTO `wechat_material_news` (`id`, `media_id`, `title`, `thumb_media_id`, `show_cover_pic`, `author`, `digest`, `url`, `content_source_url`, `thumb_url`)
VALUES
	(11,'NnqC8U1jDp3UP6wekfqfBFMCFDx-Df3HO0L5gvy7bp8',X'E4B893E4B89AE592A8E8AFA2E8A7A3E586B3E696B9E6A188','qOlu5FU8egUOcC9dLQp_NdnrpUzkpJsqSWdATunJu98','0','众异SAMESAME',X'52494348454D4F4E5453414D452053414D452042555420444946464552454E5420E4B8BAE58E86E5B3B0E99B86E59BA2EFBC8852696368656D6F6E742047726F7570','http://mp.weixin.qq.com/s?__biz=MzI1MTEyMjkzOA==&mid=100000005&idx=1&sn=90cfc87575a2785ec62a8831aae4abce&chksm=69f684905e810d8661d6fe8abafe4cf8d443ff8e74fabc7ab80328c81dd7912814e9ea59e2a9#rd','','http://mmbiz.qpic.cn/mmbiz/jNghIKEBDz0Z1whqfTxr0DMdAtWkO603cqMJyKf1FkAlqsy7Z2lFG15IIyfuNNv750AhAac6nwxpvMYJXp2YqQ/640?wx_fmt=jpeg'),
	(12,'NnqC8U1jDp3UP6wekfqfBFMCFDx-Df3HO0L5gvy7bp8',X'E794B5E5AD90E59586E58AA1E4B88EE7BD91E7AB99','qOlu5FU8egUOcC9dLQp_NdnrpUzkpJsqSWdATunJu98','0','众异SAMESAME',X'424F4E504F494E54E4B896E7958CE9A1B6E7BAA7E7ABA5E8A385E59381E7898C426F6E706F696E74E698AF53414D452053414D452042555420444946464552454E54E79A84E995BFE69C9FE59088E4BD9CE4BC99','http://mp.weixin.qq.com/s?__biz=MzI1MTEyMjkzOA==&mid=100000005&idx=2&sn=c42018ce0ebcbcf5170fb6e81ec1d1de&chksm=69f684905e810d8669f6f66ea73ad73561ed18ca88131f4904247c3a4597e16afb727f5392de#rd','','http://mmbiz.qpic.cn/mmbiz/jNghIKEBDz0Z1whqfTxr0DMdAtWkO603SM53HtXgElpfLgfqD3jL1mqQnMWROcktciclXvC3yyzjbUNyYoFU8AA/640?wx_fmt=jpeg'),
	(13,'NnqC8U1jDp3UP6wekfqfBFMCFDx-Df3HO0L5gvy7bp8',X'E4B893E4B89AE592A8E8AFA2E8A7A3E586B3E696B9E6A18832','qOlu5FU8egUOcC9dLQp_NdnrpUzkpJsqSWdATunJu98','0','',X'52494348454D4F4E5453414D452053414D452042555420444946464552454E5420E4B8BAE58E86E5B3B0E99B86E59BA2EFBC8852696368656D6F6E742047726F7570','http://mp.weixin.qq.com/s?__biz=MzI1MTEyMjkzOA==&mid=100000005&idx=3&sn=8d4f04bfd4fb6db569b2d1d463cd6024&chksm=69f684905e810d86a883977f867da2904fa45ab3e0cddc3c197bf6bc0224db27db3a5e29e74f#rd','','http://mmbiz.qpic.cn/mmbiz/jNghIKEBDz0Z1whqfTxr0DMdAtWkO603HuMdxfSxicJUDIesRReuadZoGTialK7wk71jv5tIXSVqnAjMBmfldPGA/640?wx_fmt=png'),
	(14,'NnqC8U1jDp3UP6wekfqfBFMCFDx-Df3HO0L5gvy7bp8',X'E4B893E4B89AE592A8E8AFA2E8A7A3E586B3E696B9E6A18833','qOlu5FU8egUOcC9dLQp_NdnrpUzkpJsqSWdATunJu98','0','',X'52494348454D4F4E5453414D452053414D452042555420444946464552454E5420E4B8BAE58E86E5B3B0E99B86E59BA2EFBC8852696368656D6F6E742047726F7570','http://mp.weixin.qq.com/s?__biz=MzI1MTEyMjkzOA==&mid=100000005&idx=4&sn=6b8fa33097a26f51777036a76c6577d9&chksm=69f684905e810d8670844a7672ab2df0366e927485f832215c7316258664ad3953cd0c96a9d8#rd','','http://mmbiz.qpic.cn/mmbiz/jNghIKEBDz0Z1whqfTxr0DMdAtWkO603BYic5oJV3zkSMiajSax3OhGI5iahv5VVCQp7eOQGuZ6tuVQK6moYJDibicw/640?wx_fmt=jpeg'),
	(17,'NnqC8U1jDp3UP6wekfqfBOlfAjr_p4t76YcNXvlaFQQ',X'74747474','qOlu5FU8egUOcC9dLQp_NdnrpUzkpJsqSWdATunJu98','0','',X'7474','http://mp.weixin.qq.com/s?__biz=MzI1MTEyMjkzOA==&mid=100000002&idx=1&sn=569c4259649896fe919ade63db939dc1&chksm=69f684975e810d81a2d3377b97194838c81737f05316edffa58a44f439233b19775da2d18abd#rd','','http://mmbiz.qpic.cn/mmbiz_png/xtEr2rBbibt6THYBiauAVPMaShHMT6MybkmuLDiabNxicOs1hEkbmZ4zpwmHdGzFwcibsXRibAxrbNGxA2KqCHUMnP2Q/0?wx_fmt=png'),
	(18,'NnqC8U1jDp3UP6wekfqfBOlfAjr_p4t76YcNXvlaFQQ',X'7465737432','NnqC8U1jDp3UP6wekfqfBDubYLTbiXVbjaG8HUz45us','0','',X'7B202022746F74616C5F636F756E74223A20544F54414C5F434F554E542C2020226974656D5F636F756E74223A204954454D5F434F55','http://mp.weixin.qq.com/s?__biz=MzI1MTEyMjkzOA==&mid=100000002&idx=2&sn=930a2ac0c5d8d262addd0e537a3086d2&chksm=69f684975e810d815b074bb58b21b1165c814d41341dd8218982d5cb7cbed7c9f695626483c0#rd','','http://mmbiz.qpic.cn/mmbiz_jpg/xtEr2rBbibt6THYBiauAVPMaShHMT6MybkKpBBxtl3TAFrE58mFT1OQE7EoWsWfzF9uLib5bx59jkdNMfZ9ticXzGg/0?wx_fmt=jpeg');

/*!40000 ALTER TABLE `wechat_material_news` ENABLE KEYS */;
UNLOCK TABLES;


# Dump of table wechat_menu
# ------------------------------------------------------------

DROP TABLE IF EXISTS `wechat_menu`;

CREATE TABLE `wechat_menu` (
  `id` int(11) NOT NULL AUTO_INCREMENT,
  `menuName` blob NOT NULL,
  `eventtype` varchar(50) NOT NULL,
  `eventKey` varchar(50) DEFAULT NULL,
  `eventUrl` varchar(255) DEFAULT NULL,
  `eventmedia_id` varchar(255) DEFAULT NULL,
  `width` enum('1','2','3','4','5') DEFAULT '1',
  `createTime` timestamp NOT NULL DEFAULT CURRENT_TIMESTAMP,
  PRIMARY KEY (`id`)
) ENGINE=InnoDB DEFAULT CHARSET=utf8;

LOCK TABLES `wechat_menu` WRITE;
/*!40000 ALTER TABLE `wechat_menu` DISABLE KEYS */;

INSERT INTO `wechat_menu` (`id`, `menuName`, `eventtype`, `eventKey`, `eventUrl`, `eventmedia_id`, `width`, `createTime`)
VALUES
	(35,X'E4B8BBE88F9CE58D9541','',NULL,NULL,NULL,'1','2017-02-15 18:10:44'),
	(36,X'E4B8BBE88F9CE58D9542','',NULL,NULL,NULL,'2','2017-02-15 18:10:50'),
	(37,X'E997A8E5BA97','location_select','e1487153483299',NULL,NULL,'1','2017-02-15 18:11:23'),
	(38,X'E997A8E5BA97','media_id','','','NnqC8U1jDp3UP6wekfqfBOlfAjr_p4t76YcNXvlaFQQ','2','2017-02-15 18:11:48'),
	(39,X'E993BEE68EA5','view',NULL,'http://map.baidu.com/',NULL,'2','2017-02-15 18:12:28'),
	(40,X'E59BBE','click','e1487153848305','','','1','2017-02-15 18:17:28'),
	(41,X'E69687E69CAC','click','e1487153878714',NULL,NULL,'3','2017-02-15 18:17:58'),
	(42,X'4D65646961','media_id',NULL,NULL,'NnqC8U1jDp3UP6wekfqfBFMCFDx-Df3HO0L5gvy7bp8','4','2017-02-16 18:17:30'),
	(43,X'E59BBEE69687','click','e1487328204259',NULL,NULL,'5','2017-02-17 18:43:24'),
	(45,X'E59BBEE6968732','media_id',NULL,NULL,'NnqC8U1jDp3UP6wekfqfBOlfAjr_p4t76YcNXvlaFQQ','3','2017-02-28 17:22:27'),
	(46,X'E4B8BBE88F9CE58D9533','click','e1488274843277',NULL,NULL,'3','2017-02-28 17:40:43');

/*!40000 ALTER TABLE `wechat_menu` ENABLE KEYS */;
UNLOCK TABLES;


# Dump of table wechat_menu_hierarchy
# ------------------------------------------------------------

DROP TABLE IF EXISTS `wechat_menu_hierarchy`;

CREATE TABLE `wechat_menu_hierarchy` (
  `tid` int(11) NOT NULL,
  `parent` int(11) DEFAULT '0',
  KEY `wechat_menu_id` (`tid`),
  CONSTRAINT `wechat_menu_id` FOREIGN KEY (`tid`) REFERENCES `wechat_menu` (`id`) ON DELETE CASCADE
) ENGINE=InnoDB DEFAULT CHARSET=utf8;

LOCK TABLES `wechat_menu_hierarchy` WRITE;
/*!40000 ALTER TABLE `wechat_menu_hierarchy` DISABLE KEYS */;

INSERT INTO `wechat_menu_hierarchy` (`tid`, `parent`)
VALUES
	(35,0),
	(36,0),
	(37,35),
	(38,36),
	(39,35),
	(40,36),
	(41,35),
	(42,35),
	(43,35),
	(45,36),
	(46,0);

/*!40000 ALTER TABLE `wechat_menu_hierarchy` ENABLE KEYS */;
UNLOCK TABLES;


# Dump of table wechat_oauth
# ------------------------------------------------------------

DROP TABLE IF EXISTS `wechat_oauth`;

CREATE TABLE `wechat_oauth` (
  `id` int(11) NOT NULL AUTO_INCREMENT,
  `name` varchar(200) NOT NULL,
  `redirect_url` varchar(250) NOT NULL,
  `callback_url` varchar(250) NOT NULL,
  `scope` varchar(50) NOT NULL,
  `oauthfile` varchar(50) NOT NULL,
  `createTime` timestamp NOT NULL DEFAULT CURRENT_TIMESTAMP,
  PRIMARY KEY (`id`)
) ENGINE=InnoDB DEFAULT CHARSET=utf8;

LOCK TABLES `wechat_oauth` WRITE;
/*!40000 ALTER TABLE `wechat_oauth` DISABLE KEYS */;

INSERT INTO `wechat_oauth` (`id`, `name`, `redirect_url`, `callback_url`, `scope`, `oauthfile`, `createTime`)
VALUES
	(4,'test','dirc.samesamechina.com','','','58a9cc02bdd42','2017-02-20 00:46:58');

/*!40000 ALTER TABLE `wechat_oauth` ENABLE KEYS */;
UNLOCK TABLES;


# Dump of table wechat_qrcode
# ------------------------------------------------------------

DROP TABLE IF EXISTS `wechat_qrcode`;

CREATE TABLE `wechat_qrcode` (
  `id` int(11) NOT NULL AUTO_INCREMENT,
  `qrName` varchar(200) NOT NULL,
  `qrSceneid` int(11) DEFAULT NULL,
  `qrScenestr` varchar(200) DEFAULT NULL,
  `qrTicket` varchar(255) NOT NULL,
  `qrExpire` int(11) DEFAULT NULL,
  `qrSubscribe` int(11) DEFAULT '0',
  `qrScan` int(11) DEFAULT '0',
  `qrUrl` varchar(255) DEFAULT NULL,
  `feedbackid` varchar(200) DEFAULT NULL,
  `qrtype` enum('1','2') DEFAULT '1' COMMENT '1.永久,2.临时',
  `createTime` timestamp NOT NULL DEFAULT CURRENT_TIMESTAMP,
  PRIMARY KEY (`id`),
  UNIQUE KEY `qrTicket` (`qrTicket`)
) ENGINE=InnoDB DEFAULT CHARSET=utf8;



# Dump of table wechat_users
# ------------------------------------------------------------

DROP TABLE IF EXISTS `wechat_users`;

CREATE TABLE `wechat_users` (
  `id` int(11) NOT NULL AUTO_INCREMENT,
  `openid` varchar(50) NOT NULL,
  `nickname` blob NOT NULL,
  `headimgurl` varchar(255) NOT NULL,
  `sex` enum('0','1','2') DEFAULT '0' COMMENT '0 null,1 male,2 female',
  `country` varchar(60) DEFAULT NULL,
  `province` varchar(60) DEFAULT NULL,
  `city` varchar(60) DEFAULT NULL,
  `status` enum('1','2') DEFAULT '1' COMMENT '1 subscript,2 unsubscript',
  `createtime` timestamp NOT NULL DEFAULT CURRENT_TIMESTAMP,
  PRIMARY KEY (`id`),
  UNIQUE KEY `openid` (`openid`)
) ENGINE=InnoDB DEFAULT CHARSET=utf8;

LOCK TABLES `wechat_users` WRITE;
/*!40000 ALTER TABLE `wechat_users` DISABLE KEYS */;

INSERT INTO `wechat_users` (`id`, `openid`, `nickname`, `headimgurl`, `sex`, `country`, `province`, `city`, `status`, `createtime`)
VALUES
	(1,'o-jLIwZAo2KAE72dsgFtFCzNRr5E','','','','','','','2','2017-02-15 18:18:59'),
	(2,'o-jLIwdvqdILL9MJLfKcsGNoueGo',X'4C6F7720506F776572','http://wx.qlogo.cn/mmopen/0tV5TJichgrSWfVTtIx9P5u9icxaofLT0Zncbq1ibtsIoEmB3Rb8qMNv12Ob3f7ZO5Yp7COnHtKyj6NQVVKTVC5xqSduUE66NCt/0','0','中国','','','1','2017-02-15 18:38:21'),
	(3,'o-jLIwUiVSHu-gB0A7fuWgwYyLdE',X'64697263','','','','','','1','2017-02-15 21:43:59'),
	(4,'o-jLIwesJyzt9x06FYL8y5Qf5zPE',X'436C6179','http://wx.qlogo.cn/mmopen/3KficDuhYdpV3pNLHv1Yvk5On3jCic5hjqqCZCAmgALa5dGxM9NenTIUYLOmKAShibZJbeFHribS0oXk64gFszTqKA/0','0','中国','','','1','2017-02-16 18:50:33'),
	(5,'o-jLIwY8e3Of7XhRO4ZkraWXe_K8',X'F09F9092E5A4A7E7B1B344656D69F09FA591','http://wx.qlogo.cn/mmopen/Q3auHgzwzM5tyTDqurRB8GGGGrqHvLoibXklcuicZyW2t0qKEjyAlIIic7Oqt7Md1yBQmyuDeeZYicgffIhM8oc7Bw/0','1','美国','田纳西','纳什维尔','1','2017-02-16 18:50:33'),
	(6,'o-jLIwQ8z53PS8RBQ02HwH0sdP3g',X'4C656F204C4545','http://wx.qlogo.cn/mmopen/ajNVdqHZLLBOYKyruwicibzic3z42nzZxGMV3XJ04xwSDYTFN4g7MU74smyn87XhP2YfxQXe727O2C3LuA08CBBsQ/0','0','中国','上海','徐汇','1','2017-02-16 18:50:33'),
	(7,'o-jLIwW8D5oofLBc_7iPffl2s9v0',X'4461697379204368656E','http://wx.qlogo.cn/mmopen/DIXOMPZUJ5Ld2diamic8945AeuuHbrQbSRyAgia7Ratibia3b8hKEhNBROhSHJPP81N31bCqKRrjIQeKFzNrYo2IKHrVpibcxDRvjX/0','1','美国','纽约','','1','2017-02-16 18:50:33'),
	(8,'o-jLIwVJMca5TK4NTb4489EHUG_Y',X'E68891E698AFE889BEE6B4BEE5BEB7','http://wx.qlogo.cn/mmopen/0tV5TJichgrRzUDEIIa1Mtz1MiaZocyOuHbXOia5lfCssWGLl6l5sgtyEhHsQx53rsGPoqLTq1RNa2VS1K87HKgYccM1jKuN2oJ/0','','','','','1','2017-02-16 18:50:33'),
	(9,'o-jLIwfXQPRWQy4nSQcGSZGRDl4k',X'416C62657274','http://wx.qlogo.cn/mmopen/ajNVdqHZLLC7iaS8ECr35ib5hh11kkEtD1Zia8nbarvgEnSJ7yI6CTicFunoC7Jrgiaiaibib8m7FY3UyUDLlNWllib3BtQ/0','0','中国','上海','长宁','1','2017-02-16 18:50:33'),
	(10,'o-jLIwRiBB_S-RXKYjKF6dVXP8Cc',X'44656D6F6EF09F9884','http://wx.qlogo.cn/mmopen/ajNVdqHZLLC1oIHnCibD4kVEu84ibU8fjlvNOcRQnlz8LzAibYrg9FGzrbsJzejiaKnO1jjzvZNia6yyRWhk3HXUNDg/0','0','中国','湖北','武汉','1','2017-02-16 18:50:33'),
	(11,'o-jLIwdrwDQSvES8P0dRVXjOauiA',X'6E697361','http://wx.qlogo.cn/mmopen/Q3auHgzwzM7QhkXzHqE4W8p0gevj6B6GsOzrqrMGIPsCxLx7aJNR9x4JeuBwbWNB4mwj0pbiap2JkAeZZMd9krA/0','1','中国','','','1','2017-02-16 18:50:33'),
	(12,'o-jLIwWOoWMXHYwpmFrdqJKT5hDQ',X'E5B08FE5B7B32045726963','http://wx.qlogo.cn/mmopen/3KficDuhYdpXGLuZZqWskYqfsCRgq806BqyEFhbaN0r2fQ58icRtC8icrsnolqT7v8znC3PuNRLibic2Mz5fUiasGBM2Hr0EWicqT74/0','0','中国','上海','闸北','1','2017-02-16 18:50:33'),
	(13,'o-jLIwVQjxHgsw8qpxUsx2Cw5yJ4',X'5468696261756C742047656E6169746179','http://wx.qlogo.cn/mmopen/edwtI9YIqPHXMtCwlRELdSXCtM2NxiaIIYvB3pB0fJONVfsbX79R0J0iccQBII6WNEnIqxk6JWfvhm1yTM44BfNz2htxB6632z/0','0','中国','上海','徐汇','1','2017-02-16 18:50:33'),
	(14,'o-jLIwcj-QAjtdn9JtiS-K6l6qnI',X'45726963204C6565','http://wx.qlogo.cn/mmopen/0tV5TJichgrSWfVTtIx9P5sezXv9pP3xkl0iah87A7uh0w99eoAtA57lBWfSf5m0ibbOEu63VicBsvIIoMtQf1VOdLHwcrnibbC0M/0','0','中国','上海','黄浦','1','2017-02-16 18:50:33'),
	(15,'o-jLIwSikDEGY_OUjFoXxCsK7mfQ',X'E5B0A4E9A39E','http://wx.qlogo.cn/mmopen/3KficDuhYdpXlhvf9veH856Av0HPhIsicwiaIEU5AMmhRo0gKwodcAKvpia5RgH0x86MMGE0Bup0vhOeknTWRgItzTPGUh54CbjR/0','0','中国','广东','广州','1','2017-02-16 18:50:33'),
	(16,'o-jLIweyUQXaoSeXs95Rg7p0f8K4',X'E591A8E78795','http://wx.qlogo.cn/mmopen/0tV5TJichgrSWfVTtIx9P5kK5cf4S8P7d9rBU803QmlPjoYcvYx7yJ5ma6dqHXsib3nsSNib93qgUfwmlBJmPqbic7uuCK8f6ImT/0','1','中国','上海','浦东新区','1','2017-02-16 18:50:33'),
	(17,'o-jLIwQh2tMqjd9qA05EFCNBc1fY',X'E7B4A0E9A29CE585AEE38082','http://wx.qlogo.cn/mmopen/I1YzhXxW8YD4k93jAsxZasZrxPdjf7GJiciawhicqU06eXQGJW6vcNG5CXydShErBsyicwsmZThKberT4keZHZFdkw/0','1','中国','山东','临沂','1','2017-02-16 18:50:33'),
	(18,'o-jLIwSbp_asudROJYst0yZBF5Uk',X'4D4F4F4F4F4F4F4F4F303030303057','http://wx.qlogo.cn/mmopen/PiajxSqBRaEKdIzPM65Ny2KhnDb2ES9icl6HDGM5wEAnsYmL5BhwD0olWbp5DjicPAbW0zAzHFGfnP4tM4kRhUqbA/0','1','中国','北京','丰台','1','2017-02-16 18:50:33');

/*!40000 ALTER TABLE `wechat_users` ENABLE KEYS */;
UNLOCK TABLES;



/*!40111 SET SQL_NOTES=@OLD_SQL_NOTES */;
/*!40101 SET SQL_MODE=@OLD_SQL_MODE */;
/*!40014 SET FOREIGN_KEY_CHECKS=@OLD_FOREIGN_KEY_CHECKS */;
/*!40101 SET CHARACTER_SET_CLIENT=@OLD_CHARACTER_SET_CLIENT */;
/*!40101 SET CHARACTER_SET_RESULTS=@OLD_CHARACTER_SET_RESULTS */;
/*!40101 SET COLLATION_CONNECTION=@OLD_COLLATION_CONNECTION */;
